CREATE DATABASE hackers;
USE hackers;

-- 관리자 > 아이디 : hackers | 비밀번호 : 해커스12 | 권한구분 : 0
-- 일반회원 > 아이디 : test01 | 비밀번호 : 해커스12 | 권한구분 : 1

create table BOARD
(
    F_NUM bigint auto_increment primary key,
    F_CATEGORY_ID varchar(128) null,
    F_CATEGORY varchar(128) null,
    F_LECTURE varchar(128) null,
    F_TITLE varchar(128) null,
    F_GRADE varchar(128) null,
    F_CONTENTS longtext null,
    F_COUNT bigint default 0 null,
    F_BEST varchar(128) null,
    F_ID varchar(128) null,
    F_NAME varchar(128) null,
    F_ATTACH_FILE_ORI varchar(128) null,
    F_ATTACH_FILE_CRYPTO varchar(128) null,
    F_REG_TIME datetime null
);

CREATE TABLE CATEGORY
(
    F_CATEGORY_ID varchar(128) null,
    F_CATEGORY varchar(128) null
);

CREATE TABLE LECTURE
(
    F_NUM int(10) auto_increment primary key,
    F_CATEGORY_ID varchar(128) null,
    F_CATEGORY varchar(128) null,
    F_LECTURE varchar(128) null,
    F_INSTRUCTOR varchar(128) null,
    F_LEARNING_TIME int(10) null,
    F_LECTURE_COUNT int(10) null,
    F_GRADE varchar(128) null,
    F_ADMIN_ID varchar(128) null,
    F_ADMIN_NAME varchar(128) null,
    F_THUMBNAIL_ID varchar(128) null,
    F_REG_TIME datetime null
);

CREATE TABLE MEMBER
(
    F_NUM bigint auto_increment primary key,
    F_NAME varchar(128) null,
    F_ID varchar(128) null,
    F_PASSWORD varchar(128) null,
    F_EMAIL varchar(128) null,
    F_MOBILE varchar(128) null,
    F_TEL varchar(128) null,
    F_ZIPCODE varchar(50) null,
    F_ADDRESS varchar(128) null,
    F_ADDRESS_DETAIL varchar(256) null,
    F_MOBILE_AGREE varchar(128) null,
    F_EMAIL_AGREE varchar(128) null,
    F_BIRTHDAY varchar(50) null,
    F_AUTHORITY varchar(50) null
);

CREATE TABLE THUMBNAIL
(
    F_THUMBNAIL_ID varchar(128) not null primary key,
    F_THUMBNAIL_NAME_ORI varchar(255) null,
    F_THUMBNAIL_NAME_CRYPTO varchar(255) null,
    F_REG_TIME timestamp default CURRENT_TIMESTAMP not null on update CURRENT_TIMESTAMP
);

INSERT INTO BOARD (F_CATEGORY_ID, F_CATEGORY, F_LECTURE, F_TITLE, F_GRADE, F_CONTENTS, F_COUNT, F_BEST, F_ID, F_NAME, F_ATTACH_FILE_ORI, F_ATTACH_FILE_CRYPTO, F_REG_TIME) VALUES ('1', '어학 및 자격증', '그래머 게이트웨이 인터미디엇', '언제, 어디서나 업무의 효율을 높이는 Word 2016', '5', '<p style="color: rgb(85, 85, 85); font-family: &quot;Malgun Gothic&quot;, 맑은고딕, 돋움, Dotum, sans-serif; font-size: 14px; letter-spacing: -1px;">구성이 완전 알차네요!</p><p style="color: rgb(85, 85, 85); font-family: &quot;Malgun Gothic&quot;, 맑은고딕, 돋움, Dotum, sans-serif; font-size: 14px; letter-spacing: -1px;">최신 버전 워드 기능이 다 나와있고</p><p style="color: rgb(85, 85, 85); font-family: &quot;Malgun Gothic&quot;, 맑은고딕, 돋움, Dotum, sans-serif; font-size: 14px; letter-spacing: -1px;">설명도 따라하기 쉽도록 매우 친절하게 해주십니다</p><p style="color: rgb(85, 85, 85); font-family: &quot;Malgun Gothic&quot;, 맑은고딕, 돋움, Dotum, sans-serif; font-size: 14px; letter-spacing: -1px;">강의 잘 들었습니다.</p><p style="color: rgb(85, 85, 85); font-family: &quot;Malgun Gothic&quot;, 맑은고딕, 돋움, Dotum, sans-serif; font-size: 14px; letter-spacing: -1px;">다음달부터 엑셀도 신청해볼께요!</p>                            <p><br></p>', 0, null, 'hackers', '해커스', '', '', '2021-02-23 23:37:49');
INSERT INTO BOARD (F_CATEGORY_ID, F_CATEGORY, F_LECTURE, F_TITLE, F_GRADE, F_CONTENTS, F_COUNT, F_BEST, F_ID, F_NAME, F_ATTACH_FILE_ORI, F_ATTACH_FILE_CRYPTO, F_REG_TIME) VALUES ('1', '어학 및 자격증', 'AP News & Business', '아이디어 회의가 고민인 직장인이라면', '4', '<p style="color: rgb(85, 85, 85); font-family: &quot;Malgun Gothic&quot;, 맑은고딕, 돋움, Dotum, sans-serif; font-size: 14px; letter-spacing: -1px;">회사에서 매주 아이디어 회의를 시작한 이래</p><p style="color: rgb(85, 85, 85); font-family: &quot;Malgun Gothic&quot;, 맑은고딕, 돋움, Dotum, sans-serif; font-size: 14px; letter-spacing: -1px;">부담감이 너무 커져서 밑져야 본전이라는</p><p style="color: rgb(85, 85, 85); font-family: &quot;Malgun Gothic&quot;, 맑은고딕, 돋움, Dotum, sans-serif; font-size: 14px; letter-spacing: -1px;">생각으로 신청했어요</p><p style="color: rgb(85, 85, 85); font-family: &quot;Malgun Gothic&quot;, 맑은고딕, 돋움, Dotum, sans-serif; font-size: 14px; letter-spacing: -1px;">&nbsp;</p><p style="color: rgb(85, 85, 85); font-family: &quot;Malgun Gothic&quot;, 맑은고딕, 돋움, Dotum, sans-serif; font-size: 14px; letter-spacing: -1px;">사실 매주 아이디어를 생각해낸다는게</p><p style="color: rgb(85, 85, 85); font-family: &quot;Malgun Gothic&quot;, 맑은고딕, 돋움, Dotum, sans-serif; font-size: 14px; letter-spacing: -1px;">쉬운일도 아닌데...</p><p style="color: rgb(85, 85, 85); font-family: &quot;Malgun Gothic&quot;, 맑은고딕, 돋움, Dotum, sans-serif; font-size: 14px; letter-spacing: -1px;">조금이라도 배우고 싶어서요</p><p style="color: rgb(85, 85, 85); font-family: &quot;Malgun Gothic&quot;, 맑은고딕, 돋움, Dotum, sans-serif; font-size: 14px; letter-spacing: -1px;">강의 수강하고</p><p style="color: rgb(85, 85, 85); font-family: &quot;Malgun Gothic&quot;, 맑은고딕, 돋움, Dotum, sans-serif; font-size: 14px; letter-spacing: -1px;">적어도 창의성이 뛰어난 아이디어가</p><p style="color: rgb(85, 85, 85); font-family: &quot;Malgun Gothic&quot;, 맑은고딕, 돋움, Dotum, sans-serif; font-size: 14px; letter-spacing: -1px;">어떻게 생길 수 있는지 배웠습니다.</p><p style="color: rgb(85, 85, 85); font-family: &quot;Malgun Gothic&quot;, 맑은고딕, 돋움, Dotum, sans-serif; font-size: 14px; letter-spacing: -1px;">&nbsp;</p><p style="color: rgb(85, 85, 85); font-family: &quot;Malgun Gothic&quot;, 맑은고딕, 돋움, Dotum, sans-serif; font-size: 14px; letter-spacing: -1px;">습관을 바꿔서 자잘한 아이디어라도</p><p style="color: rgb(85, 85, 85); font-family: &quot;Malgun Gothic&quot;, 맑은고딕, 돋움, Dotum, sans-serif; font-size: 14px; letter-spacing: -1px;">모아두고 발전시켜야겠어요</p>                            <p><br></p>', 1, null, 'hackers', '해커스', '첨부파일.txt', '10634d148eebd247383c02877752a6d4.txt', '2021-02-23 23:41:05');
INSERT INTO BOARD (F_CATEGORY_ID, F_CATEGORY, F_LECTURE, F_TITLE, F_GRADE, F_CONTENTS, F_COUNT, F_BEST, F_ID, F_NAME, F_ATTACH_FILE_ORI, F_ATTACH_FILE_CRYPTO, F_REG_TIME) VALUES ('1', '어학 및 자격증', '해커스 Talk! 호텔 영어', '협상의 현장, 그것이 알고 싶다', '3', '<p style="color: rgb(85, 85, 85); font-family: &quot;Malgun Gothic&quot;, 맑은고딕, 돋움, Dotum, sans-serif; font-size: 14px; letter-spacing: -1px;">실무 위주로 쉽게 이해할수 있습니다</p><p style="color: rgb(85, 85, 85); font-family: &quot;Malgun Gothic&quot;, 맑은고딕, 돋움, Dotum, sans-serif; font-size: 14px; letter-spacing: -1px;">강의는 좋습니다</p>                            <p><br></p>', 0, null, 'hackers', '해커스', '', '', '2021-02-23 23:41:42');
INSERT INTO BOARD (F_CATEGORY_ID, F_CATEGORY, F_LECTURE, F_TITLE, F_GRADE, F_CONTENTS, F_COUNT, F_BEST, F_ID, F_NAME, F_ATTACH_FILE_ORI, F_ATTACH_FILE_CRYPTO, F_REG_TIME) VALUES ('1', '어학 및 자격증', '해커스 Talk! 2주 만에 끝내는 일본어 필수 문법', '구매담당자를 위한 협상의 10계명_IGM 협상스쿨', '3', '<p style="color: rgb(85, 85, 85); font-family: &quot;Malgun Gothic&quot;, 맑은고딕, 돋움, Dotum, sans-serif; font-size: 14px; letter-spacing: -1px;">총무와 구매 직무를 병행하다가 팀이 커진 이후로 구매팀으로 발령나고 많은 고민을 했습니다..</p><p style="color: rgb(85, 85, 85); font-family: &quot;Malgun Gothic&quot;, 맑은고딕, 돋움, Dotum, sans-serif; font-size: 14px; letter-spacing: -1px;">&nbsp;</p><p style="color: rgb(85, 85, 85); font-family: &quot;Malgun Gothic&quot;, 맑은고딕, 돋움, Dotum, sans-serif; font-size: 14px; letter-spacing: -1px;">다른 부분은 괜찮았는데 가격이랑 스펙 네고하고 담당자랑 얘기하는게 깊이 들어가니 한도 끝도 없더라구요</p><p style="color: rgb(85, 85, 85); font-family: &quot;Malgun Gothic&quot;, 맑은고딕, 돋움, Dotum, sans-serif; font-size: 14px; letter-spacing: -1px;">&nbsp;</p><p style="color: rgb(85, 85, 85); font-family: &quot;Malgun Gothic&quot;, 맑은고딕, 돋움, Dotum, sans-serif; font-size: 14px; letter-spacing: -1px;">일단 빨리 다듣고 협상 자리가 생기면 10계명대로 해보려고 합니다.</p><p style="color: rgb(85, 85, 85); font-family: &quot;Malgun Gothic&quot;, 맑은고딕, 돋움, Dotum, sans-serif; font-size: 14px; letter-spacing: -1px;">&nbsp;</p><p style="color: rgb(85, 85, 85); font-family: &quot;Malgun Gothic&quot;, 맑은고딕, 돋움, Dotum, sans-serif; font-size: 14px; letter-spacing: -1px;">지금까지는 강의 구성은 괜찮고 학습 효과도 클 것 같아요!!!!!!!!!!!!</p>                            <p><br></p>', 0, null, 'hackers', '해커스', '', '', '2021-02-23 23:41:56');
INSERT INTO BOARD (F_CATEGORY_ID, F_CATEGORY, F_LECTURE, F_TITLE, F_GRADE, F_CONTENTS, F_COUNT, F_BEST, F_ID, F_NAME, F_ATTACH_FILE_ORI, F_ATTACH_FILE_CRYPTO, F_REG_TIME) VALUES ('1', '어학 및 자격증', '해커스 Talk! 2주 만에 끝내는 일본어 필수 문법', '임유정의 스피치 트레이닝, Before & After', '2', '<p style="color: rgb(85, 85, 85); font-family: &quot;Malgun Gothic&quot;, 맑은고딕, 돋움, Dotum, sans-serif; font-size: 14px; letter-spacing: -1px;">스피치에 항상 고민이라 눌러봤다가 효과가 있을까 싶어서 들어봤습니다.</p><p style="color: rgb(85, 85, 85); font-family: &quot;Malgun Gothic&quot;, 맑은고딕, 돋움, Dotum, sans-serif; font-size: 14px; letter-spacing: -1px;">&nbsp;</p><p style="color: rgb(85, 85, 85); font-family: &quot;Malgun Gothic&quot;, 맑은고딕, 돋움, Dotum, sans-serif; font-size: 14px; letter-spacing: -1px;">스피치에서 문제가 되는 상황부터 시작하여 발표에서 필요한 세세한 부분과 적용 가능한 부분들을 소개하였으며</p><p style="color: rgb(85, 85, 85); font-family: &quot;Malgun Gothic&quot;, 맑은고딕, 돋움, Dotum, sans-serif; font-size: 14px; letter-spacing: -1px;">&nbsp;</p><p style="color: rgb(85, 85, 85); font-family: &quot;Malgun Gothic&quot;, 맑은고딕, 돋움, Dotum, sans-serif; font-size: 14px; letter-spacing: -1px;">생각보다 이론이 많은 과정입니다. 그래서 그런지 실제로 연습해보고&nbsp;적용해보려고 노력하는데 쉽지는 않네요.</p><p style="color: rgb(85, 85, 85); font-family: &quot;Malgun Gothic&quot;, 맑은고딕, 돋움, Dotum, sans-serif; font-size: 14px; letter-spacing: -1px;">&nbsp;</p><p style="color: rgb(85, 85, 85); font-family: &quot;Malgun Gothic&quot;, 맑은고딕, 돋움, Dotum, sans-serif; font-size: 14px; letter-spacing: -1px;">온라인 수업은 첫 단추라고 생각하고 학원수업도 병행해서 열심히 해보려고 합니다!</p>                            <p><br></p>', 0, null, 'hackers', '해커스', '', '', '2021-02-23 23:42:16');
INSERT INTO BOARD (F_CATEGORY_ID, F_CATEGORY, F_LECTURE, F_TITLE, F_GRADE, F_CONTENTS, F_COUNT, F_BEST, F_ID, F_NAME, F_ATTACH_FILE_ORI, F_ATTACH_FILE_CRYPTO, F_REG_TIME) VALUES ('1', '어학 및 자격증', '해커스Talk! 왕초보 중국어', '신입사원용 커뮤니케이션 강의', '2', '<span style="color: rgb(85, 85, 85); font-family: &quot;Malgun Gothic&quot;, 맑은고딕, 돋움, Dotum, sans-serif; font-size: 14px; letter-spacing: -1px;">회사에서 필요한 전반적인 내용을 다룬게 좋았습니다. 신입사원이 회사에서 인정받는 이유는 여러가지가 있겠지만 그중에서도 기본이 되는 커뮤니케이션 능력을 갖추는 것은 필수라고 생각해서 해당 강의를 신청했습니다. 상사,동료,거래처와의 커뮤니케이션에서 지침으로 삼을만한 내용들이 있어서 열심히 들었습니다. 강의 추천합니다.</span>                            <p><br></p>', 0, null, 'hackers', '해커스', '', '', '2021-02-23 23:42:31');
INSERT INTO BOARD (F_CATEGORY_ID, F_CATEGORY, F_LECTURE, F_TITLE, F_GRADE, F_CONTENTS, F_COUNT, F_BEST, F_ID, F_NAME, F_ATTACH_FILE_ORI, F_ATTACH_FILE_CRYPTO, F_REG_TIME) VALUES ('1', '어학 및 자격증', '해커스Talk! 기본어휘 중국어', 'IT기기를 통한 업무 스킬 향상, 신입사원 역량강화 프로젝트', '2', '<p style="color: rgb(85, 85, 85); font-family: &quot;Malgun Gothic&quot;, 맑은고딕, 돋움, Dotum, sans-serif; font-size: 14px; letter-spacing: -1px;">일하는 형태를 잡는데 도움이 되긴 하는데 내용이 많이 쉬워요</p><p style="color: rgb(85, 85, 85); font-family: &quot;Malgun Gothic&quot;, 맑은고딕, 돋움, Dotum, sans-serif; font-size: 14px; letter-spacing: -1px;">그것만 좀 아쉽고 꽤 도움이 됬습니당</p>                            <p><br></p>', 0, null, 'hackers', '해커스', '', '', '2021-02-23 23:42:48');
INSERT INTO BOARD (F_CATEGORY_ID, F_CATEGORY, F_LECTURE, F_TITLE, F_GRADE, F_CONTENTS, F_COUNT, F_BEST, F_ID, F_NAME, F_ATTACH_FILE_ORI, F_ATTACH_FILE_CRYPTO, F_REG_TIME) VALUES ('1', '어학 및 자격증', '[국가공인자격] ITQ 취득 대비(Excel 2010, PowerPoint 2010)', '처음 맡은 프로젝트 책임자...', '4', '<p style="color: rgb(85, 85, 85); font-family: &quot;Malgun Gothic&quot;, 맑은고딕, 돋움, Dotum, sans-serif; font-size: 14px; letter-spacing: -1px;">안녕하세요. 저와 같이 프로젝트를 수행하고 계시는 분들게 도움이 되시라고 수강후기를 남깁니다...</p><p style="color: rgb(85, 85, 85); font-family: &quot;Malgun Gothic&quot;, 맑은고딕, 돋움, Dotum, sans-serif; font-size: 14px; letter-spacing: -1px;">&nbsp;</p><p style="color: rgb(85, 85, 85); font-family: &quot;Malgun Gothic&quot;, 맑은고딕, 돋움, Dotum, sans-serif; font-size: 14px; letter-spacing: -1px;">저는 중견기업에 재직하고 있는데 승진과 더불어 처음으로 프로젝트의 책임자가 되었습니다.</p><p style="color: rgb(85, 85, 85); font-family: &quot;Malgun Gothic&quot;, 맑은고딕, 돋움, Dotum, sans-serif; font-size: 14px; letter-spacing: -1px;">&nbsp;</p><p style="color: rgb(85, 85, 85); font-family: &quot;Malgun Gothic&quot;, 맑은고딕, 돋움, Dotum, sans-serif; font-size: 14px; letter-spacing: -1px;">정말 막막하고 사실 관련 문서도 어떻게 작성하는지 잘 몰라서</p><p style="color: rgb(85, 85, 85); font-family: &quot;Malgun Gothic&quot;, 맑은고딕, 돋움, Dotum, sans-serif; font-size: 14px; letter-spacing: -1px;">&nbsp;</p><p style="color: rgb(85, 85, 85); font-family: &quot;Malgun Gothic&quot;, 맑은고딕, 돋움, Dotum, sans-serif; font-size: 14px; letter-spacing: -1px;">빨리 뭔가 배울 수 있는 인터넷 강의를 신청하게 됬습니다.</p><p style="color: rgb(85, 85, 85); font-family: &quot;Malgun Gothic&quot;, 맑은고딕, 돋움, Dotum, sans-serif; font-size: 14px; letter-spacing: -1px;">&nbsp;</p><p style="color: rgb(85, 85, 85); font-family: &quot;Malgun Gothic&quot;, 맑은고딕, 돋움, Dotum, sans-serif; font-size: 14px; letter-spacing: -1px;">일단 프로젝트를 처음 맡은 실무자에게는 정말 좋은 내용이구요 (문서 작성, 인력 관리 등등)</p><p style="color: rgb(85, 85, 85); font-family: &quot;Malgun Gothic&quot;, 맑은고딕, 돋움, Dotum, sans-serif; font-size: 14px; letter-spacing: -1px;">&nbsp;</p><p style="color: rgb(85, 85, 85); font-family: &quot;Malgun Gothic&quot;, 맑은고딕, 돋움, Dotum, sans-serif; font-size: 14px; letter-spacing: -1px;">pmp 자격증 관련 공부와는 조금 거리가 있네요..</p><p style="color: rgb(85, 85, 85); font-family: &quot;Malgun Gothic&quot;, 맑은고딕, 돋움, Dotum, sans-serif; font-size: 14px; letter-spacing: -1px;">&nbsp;</p><p style="color: rgb(85, 85, 85); font-family: &quot;Malgun Gothic&quot;, 맑은고딕, 돋움, Dotum, sans-serif; font-size: 14px; letter-spacing: -1px;">좀 배우다보니 욕심이 생기는데 자격증 취득을 위한 과정도 만든다면 들을 용의가 있습니다.</p>                            <p><br></p>', 0, null, 'hackers', '해커스', '', '', '2021-02-23 23:43:03');
INSERT INTO BOARD (F_CATEGORY_ID, F_CATEGORY, F_LECTURE, F_TITLE, F_GRADE, F_CONTENTS, F_COUNT, F_BEST, F_ID, F_NAME, F_ATTACH_FILE_ORI, F_ATTACH_FILE_CRYPTO, F_REG_TIME) VALUES ('1', '어학 및 자격증', '누구나 쉽게 배우는 왕초보 영어 STEP1', '현장 에피소드로 풀어보는 멘토코치 카운셀링', '2', '<p style="color: rgb(85, 85, 85); font-family: &quot;Malgun Gothic&quot;, 맑은고딕, 돋움, Dotum, sans-serif; font-size: 14px; letter-spacing: -1px;">해당 과정을 마치며...</p><p style="color: rgb(85, 85, 85); font-family: &quot;Malgun Gothic&quot;, 맑은고딕, 돋움, Dotum, sans-serif; font-size: 14px; letter-spacing: -1px;">직장이나 비즈니스 상황에서 벌어지는 다양한 내용을 다뤄서 너무 좋았습니다.</p><p style="color: rgb(85, 85, 85); font-family: &quot;Malgun Gothic&quot;, 맑은고딕, 돋움, Dotum, sans-serif; font-size: 14px; letter-spacing: -1px;">일단 강의를 처음 들을 땐 바빠서 집중하지 않았는데 실제로 도움이 되는것 같아서 점차 열심히 들었습니다</p><p style="color: rgb(85, 85, 85); font-family: &quot;Malgun Gothic&quot;, 맑은고딕, 돋움, Dotum, sans-serif; font-size: 14px; letter-spacing: -1px;">역시 일에 연관된 거나 아니면 직장생활 관련 강의는 지속적으로 들어봐야 겠다는 생각과 근래 생활에 대한 반성을 하게되네요..</p><p style="color: rgb(85, 85, 85); font-family: &quot;Malgun Gothic&quot;, 맑은고딕, 돋움, Dotum, sans-serif; font-size: 14px; letter-spacing: -1px;">아, 그리고 성의있는 첨삭도 감사합니닷</p>                            <p><br></p>', 0, null, 'hackers', '해커스', '', '', '2021-02-23 23:43:38');
INSERT INTO BOARD (F_CATEGORY_ID, F_CATEGORY, F_LECTURE, F_TITLE, F_GRADE, F_CONTENTS, F_COUNT, F_BEST, F_ID, F_NAME, F_ATTACH_FILE_ORI, F_ATTACH_FILE_CRYPTO, F_REG_TIME) VALUES ('1', '어학 및 자격증', '누구나 쉽게 배우는 왕초보 영어 STEP2', '글로벌 기업처럼 일하는 방식을 혁신하라', '5', '<p style="color: rgb(85, 85, 85); font-family: &quot;Malgun Gothic&quot;, 맑은고딕, 돋움, Dotum, sans-serif; font-size: 14px; letter-spacing: -1px; text-align: justify;">실제 알고 있던 글로벌 기업들의 사례를 통해서 혁신과 그들의 혁신 방업에 대해 배웠습니다.</p><p style="color: rgb(85, 85, 85); font-family: &quot;Malgun Gothic&quot;, 맑은고딕, 돋움, Dotum, sans-serif; font-size: 14px; letter-spacing: -1px; text-align: justify;">어떤것이 진짜 혁신인지 체감할 수 있었고 이를 통해 저도 사소한 것부터 바꿔서 업무에 적용해보려고 합니다.</p><p style="color: rgb(85, 85, 85); font-family: &quot;Malgun Gothic&quot;, 맑은고딕, 돋움, Dotum, sans-serif; font-size: 14px; letter-spacing: -1px; text-align: justify;">감사합니다.</p>                            <p><br></p>', 0, null, 'hackers', '해커스', '', '', '2021-02-23 23:43:54');
INSERT INTO BOARD (F_CATEGORY_ID, F_CATEGORY, F_LECTURE, F_TITLE, F_GRADE, F_CONTENTS, F_COUNT, F_BEST, F_ID, F_NAME, F_ATTACH_FILE_ORI, F_ATTACH_FILE_CRYPTO, F_REG_TIME) VALUES ('1', '어학 및 자격증', '미생으로 배우는 비즈니스 영어 - 실무영어', '제조와 생산에 근무하고 있는 분들을 위한 기초 강의!', '2', '<p style="color: rgb(85, 85, 85); font-family: &quot;Malgun Gothic&quot;, 맑은고딕, 돋움, Dotum, sans-serif; font-size: 14px; letter-spacing: -1px;">사실 TOC라는 말도 잘 몰랐는데 이번 과정을 통해 배우게 되었습니다.</p><p style="color: rgb(85, 85, 85); font-family: &quot;Malgun Gothic&quot;, 맑은고딕, 돋움, Dotum, sans-serif; font-size: 14px; letter-spacing: -1px;">생산관리와 관련하여 기본적이지만 가장 중요한 내용들을 알차게 모아놔서</p><p style="color: rgb(85, 85, 85); font-family: &quot;Malgun Gothic&quot;, 맑은고딕, 돋움, Dotum, sans-serif; font-size: 14px; letter-spacing: -1px;">이 강의 하나만 봐도 생산관리의 기초는 어느정도 배웠다고 자신할 수 있지 않나 생각합니다.</p><p style="color: rgb(85, 85, 85); font-family: &quot;Malgun Gothic&quot;, 맑은고딕, 돋움, Dotum, sans-serif; font-size: 14px; letter-spacing: -1px;">제조, 생산쪽에서 근무하고 계신 분이라면 ''TOC 생산관리'' 강의를 통해</p><p style="color: rgb(85, 85, 85); font-family: &quot;Malgun Gothic&quot;, 맑은고딕, 돋움, Dotum, sans-serif; font-size: 14px; letter-spacing: -1px;">실무에서도 많이 도움이 될 수 있는 지식을 얻어가시기를 바랍니다.</p>                            <p><br></p>', 0, null, 'hackers', '해커스', '', '', '2021-02-23 23:44:11');
INSERT INTO BOARD (F_CATEGORY_ID, F_CATEGORY, F_LECTURE, F_TITLE, F_GRADE, F_CONTENTS, F_COUNT, F_BEST, F_ID, F_NAME, F_ATTACH_FILE_ORI, F_ATTACH_FILE_CRYPTO, F_REG_TIME) VALUES ('1', '어학 및 자격증', '미생으로 배우는 비즈니스 영어 - 일상회화', '오랜 금융권 실무로 쌓아올린 깊은 노하우의 강사님!', '2', '<p style="color: rgb(85, 85, 85); font-family: &quot;Malgun Gothic&quot;, 맑은고딕, 돋움, Dotum, sans-serif; font-size: 14px; letter-spacing: -1px; line-height: 1.5;"><span style="font-family: Arial, sans-serif;">강사분께서 금융권에 오래 계셨던 분이기도 해서 많은 노하우를 배울 수 있었습니다.</span></p><p style="color: rgb(85, 85, 85); font-family: &quot;Malgun Gothic&quot;, 맑은고딕, 돋움, Dotum, sans-serif; font-size: 14px; letter-spacing: -1px; line-height: 1.5;"><span style="font-family: Arial, sans-serif;">내가 잘 따라갈 수 있을 지, 시간이 부족한 것은 아닐지 걱정도 많이했지만</span></p><p style="color: rgb(85, 85, 85); font-family: &quot;Malgun Gothic&quot;, 맑은고딕, 돋움, Dotum, sans-serif; font-size: 14px; letter-spacing: -1px; line-height: 1.5;"><span style="font-family: Arial, sans-serif;">강의를 들으면서 실제로 어려워서 고생했던 부분은 많이 없었고</span></p><p style="color: rgb(85, 85, 85); font-family: &quot;Malgun Gothic&quot;, 맑은고딕, 돋움, Dotum, sans-serif; font-size: 14px; letter-spacing: -1px; line-height: 1.5;"><span style="font-family: Arial, sans-serif;">교강사선생님들께서도 과제첨삭이나 질문에 적극적으로 응해주셔서</span></p><p style="color: rgb(85, 85, 85); font-family: &quot;Malgun Gothic&quot;, 맑은고딕, 돋움, Dotum, sans-serif; font-size: 14px; letter-spacing: -1px; line-height: 1.5;"><span style="font-family: Arial, sans-serif;">투자와 관련해 여러 이론과 능력을 키울 수 있었습니다.</span></p><p style="color: rgb(85, 85, 85); font-family: &quot;Malgun Gothic&quot;, 맑은고딕, 돋움, Dotum, sans-serif; font-size: 14px; letter-spacing: -1px; line-height: 1.5;"><span style="font-family: Arial, sans-serif;">좋은 강의 제공해주셔서 감사드립니다.</span></p>                            <p><br></p>', 0, null, 'hackers', '해커스', '', '', '2021-02-23 23:44:33');
INSERT INTO BOARD (F_CATEGORY_ID, F_CATEGORY, F_LECTURE, F_TITLE, F_GRADE, F_CONTENTS, F_COUNT, F_BEST, F_ID, F_NAME, F_ATTACH_FILE_ORI, F_ATTACH_FILE_CRYPTO, F_REG_TIME) VALUES ('1', '어학 및 자격증', '미생으로 배우는 비즈니스 영어 - 회의/보고/발표하기', '무역강의 중 상급 강의! 글로벌 시대 무역전문가 강의!', '3', '<p style="color: rgb(85, 85, 85); font-family: &quot;Malgun Gothic&quot;, 맑은고딕, 돋움, Dotum, sans-serif; font-size: 14px; letter-spacing: -1px; line-height: 1.8;"><span style="font-family: Batang, 바탕, serif;">영업쪽에 있으면서 무역을 공부하게 될 줄은 상상도 못했는데</span></p><p style="color: rgb(85, 85, 85); font-family: &quot;Malgun Gothic&quot;, 맑은고딕, 돋움, Dotum, sans-serif; font-size: 14px; letter-spacing: -1px; line-height: 1.8;"><span style="font-family: Batang, 바탕, serif;">몇 년 몸담고 있다보니 결국 영업이란게 무역과 다를 게 없다는 것을 알게되었습니다.</span></p><p style="color: rgb(85, 85, 85); font-family: &quot;Malgun Gothic&quot;, 맑은고딕, 돋움, Dotum, sans-serif; font-size: 14px; letter-spacing: -1px; line-height: 1.8;"><span style="font-family: Batang, 바탕, serif;">특히, 만약 해외영업쪽에 몸담고 계시는 분이라면 저보다 더 많은 것을 이 강의를 통해</span></p><p style="color: rgb(85, 85, 85); font-family: &quot;Malgun Gothic&quot;, 맑은고딕, 돋움, Dotum, sans-serif; font-size: 14px; letter-spacing: -1px; line-height: 1.8;"><span style="font-family: Batang, 바탕, serif;">얻어가실 수 있을 거라 생각합니다.</span></p><p style="color: rgb(85, 85, 85); font-family: &quot;Malgun Gothic&quot;, 맑은고딕, 돋움, Dotum, sans-serif; font-size: 14px; letter-spacing: -1px; line-height: 1.8;"><span style="font-family: Batang, 바탕, serif;">강의내용이 실무에서 자주 쓰는 정보들로 채워져있고, 무엇보다도 큰 흐름을 통해</span></p><p style="color: rgb(85, 85, 85); font-family: &quot;Malgun Gothic&quot;, 맑은고딕, 돋움, Dotum, sans-serif; font-size: 14px; letter-spacing: -1px; line-height: 1.8;"><span style="font-family: Batang, 바탕, serif;">방향성을 제시해주니 무역관련 강의중에서는 상급에 속하는 강의가 아닌가 싶네요.</span></p>                            <p><br></p>', 0, null, 'hackers', '해커스', '', '', '2021-02-23 23:44:50');
INSERT INTO BOARD (F_CATEGORY_ID, F_CATEGORY, F_LECTURE, F_TITLE, F_GRADE, F_CONTENTS, F_COUNT, F_BEST, F_ID, F_NAME, F_ATTACH_FILE_ORI, F_ATTACH_FILE_CRYPTO, F_REG_TIME) VALUES ('1', '어학 및 자격증', '미생으로 배우는 비즈니스 영어 - 사교/인맥', '업무의 효율까지 높일 수 있는 원가절감 프로세스', '3', '<p style="color: rgb(85, 85, 85); font-family: &quot;Malgun Gothic&quot;, 맑은고딕, 돋움, Dotum, sans-serif; font-size: 14px; letter-spacing: -1px; line-height: 1.8;"><span style="font-family: Dotum, 돋움, sans-serif;">원가절감 강의는 꼭 경영지원팀을 대상으로 한 강의는 아닌 것 같습니다.</span></p><p style="color: rgb(85, 85, 85); font-family: &quot;Malgun Gothic&quot;, 맑은고딕, 돋움, Dotum, sans-serif; font-size: 14px; letter-spacing: -1px; line-height: 1.8;"><span style="font-family: Dotum, 돋움, sans-serif;">기업에 몸담고 있는 누구라도 원가절감을 공부한다면 회사의 입장에서 볼 땐</span></p><p style="color: rgb(85, 85, 85); font-family: &quot;Malgun Gothic&quot;, 맑은고딕, 돋움, Dotum, sans-serif; font-size: 14px; letter-spacing: -1px; line-height: 1.8;"><span style="font-family: Dotum, 돋움, sans-serif;">큰동력이 될 수 있다고 생각합니다.</span></p><p style="color: rgb(85, 85, 85); font-family: &quot;Malgun Gothic&quot;, 맑은고딕, 돋움, Dotum, sans-serif; font-size: 14px; letter-spacing: -1px; line-height: 1.8;"><span style="font-family: Dotum, 돋움, sans-serif;">물록 개개인에게 있어서도 업무의 효율을 높일 수 있다고 생각하는데,</span></p><p style="color: rgb(85, 85, 85); font-family: &quot;Malgun Gothic&quot;, 맑은고딕, 돋움, Dotum, sans-serif; font-size: 14px; letter-spacing: -1px; line-height: 1.8;"><span style="font-family: Dotum, 돋움, sans-serif;">불필요한 지출을이나 프로세스를 줄임으로써 비용때문에 머리 싸매고&nbsp;끙끙 앓아야 하는 일을</span></p><p style="color: rgb(85, 85, 85); font-family: &quot;Malgun Gothic&quot;, 맑은고딕, 돋움, Dotum, sans-serif; font-size: 14px; letter-spacing: -1px; line-height: 1.8;"><span style="font-family: Dotum, 돋움, sans-serif;">사전에 방지할 수도 있다고 생각하기 때문입니다.</span></p>                            <p><br></p>', 0, null, 'hackers', '해커스', '', '', '2021-02-23 23:45:08');
INSERT INTO BOARD (F_CATEGORY_ID, F_CATEGORY, F_LECTURE, F_TITLE, F_GRADE, F_CONTENTS, F_COUNT, F_BEST, F_ID, F_NAME, F_ATTACH_FILE_ORI, F_ATTACH_FILE_CRYPTO, F_REG_TIME) VALUES ('1', '어학 및 자격증', '그래머 게이트웨이 인터미디엇', '무역업 종사자라면 한 번 이상은 들어보아야 할 강의!', '3', '<p style="color: rgb(85, 85, 85); font-family: &quot;Malgun Gothic&quot;, 맑은고딕, 돋움, Dotum, sans-serif; font-size: 14px; letter-spacing: -1px;">실무에서 어려움을 겪고 계신 무역업 현업자에게 추천하는 강의입니다.</p><p style="color: rgb(85, 85, 85); font-family: &quot;Malgun Gothic&quot;, 맑은고딕, 돋움, Dotum, sans-serif; font-size: 14px; letter-spacing: -1px;">매 년 규정변화같은 것은 수시로 알아서 공부를 해야 하기는하지만</p><p style="color: rgb(85, 85, 85); font-family: &quot;Malgun Gothic&quot;, 맑은고딕, 돋움, Dotum, sans-serif; font-size: 14px; letter-spacing: -1px;">이번 강의를 통해서 무역실무쪽의 전반적인 큰 흐름을 이해했습니다.</p><p style="color: rgb(85, 85, 85); font-family: &quot;Malgun Gothic&quot;, 맑은고딕, 돋움, Dotum, sans-serif; font-size: 14px; letter-spacing: -1px;">계약, 환율, 관세환급, 클레임 등 현업에서 일하면서 직접적으로 연관된 분야들을</p><p style="color: rgb(85, 85, 85); font-family: &quot;Malgun Gothic&quot;, 맑은고딕, 돋움, Dotum, sans-serif; font-size: 14px; letter-spacing: -1px;">알짜배기로 골라서 가르쳐주니 개인적으로는 제 돈을 주고 듣는다 해도</p><p style="color: rgb(85, 85, 85); font-family: &quot;Malgun Gothic&quot;, 맑은고딕, 돋움, Dotum, sans-serif; font-size: 14px; letter-spacing: -1px;">아깝지 않을 정도로 큰 도움을 받은 강의였습니다.</p>                            <p><br></p>', 0, null, 'hackers', '해커스', '', '', '2021-02-23 23:45:24');
INSERT INTO BOARD (F_CATEGORY_ID, F_CATEGORY, F_LECTURE, F_TITLE, F_GRADE, F_CONTENTS, F_COUNT, F_BEST, F_ID, F_NAME, F_ATTACH_FILE_ORI, F_ATTACH_FILE_CRYPTO, F_REG_TIME) VALUES ('1', '어학 및 자격증', '해커스 Talk! Medical English 고급', '채권 이해에 많은 도움이 된 강의', '2', '<p style="color: rgb(85, 85, 85); font-family: &quot;Malgun Gothic&quot;, 맑은고딕, 돋움, Dotum, sans-serif; font-size: 14px; letter-spacing: -1px; line-height: 1.8;"><span style="font-family: Gulim, 굴림, AppleGothic, sans-serif;">금융쪽은 워낙 복잡해&nbsp;</span><span style="font-family: Gulim, 굴림, AppleGothic, sans-serif;">지금껏 살아오면서 공부를 많이 한&nbsp;적이 없습니다.</span></p><p style="color: rgb(85, 85, 85); font-family: &quot;Malgun Gothic&quot;, 맑은고딕, 돋움, Dotum, sans-serif; font-size: 14px; letter-spacing: -1px; line-height: 1.8;"><span style="font-family: Gulim, 굴림, AppleGothic, sans-serif;">그러다가 공기업 금융권으로 이직을 결심하면서 미리 준비를 해야겠다고 생각했습니다.</span></p><p style="color: rgb(85, 85, 85); font-family: &quot;Malgun Gothic&quot;, 맑은고딕, 돋움, Dotum, sans-serif; font-size: 14px; letter-spacing: -1px; line-height: 1.8;"><span style="font-family: Gulim, 굴림, AppleGothic, sans-serif;">책을 보면서 독학하는건 영 체질에 맞지 않는지라 인터넷 강의를 선택했는데</span></p><p style="color: rgb(85, 85, 85); font-family: &quot;Malgun Gothic&quot;, 맑은고딕, 돋움, Dotum, sans-serif; font-size: 14px; letter-spacing: -1px; line-height: 1.8;"><span style="font-family: Gulim, 굴림, AppleGothic, sans-serif;">이번 강의를 보면서 채권쪽에 대해서 공부를 많이 할 수 있었습니다.</span></p><p style="color: rgb(85, 85, 85); font-family: &quot;Malgun Gothic&quot;, 맑은고딕, 돋움, Dotum, sans-serif; font-size: 14px; letter-spacing: -1px; line-height: 1.8;"><span style="font-family: Gulim, 굴림, AppleGothic, sans-serif;">혹시 금융권으로 이직을 준비하거나, 금융권 신입사원분이 계시다면 이 강의 한 번쯤 들어보시는 걸 추천드립니다.</span></p>                            <p><br></p>', 0, null, 'hackers', '해커스', '', '', '2021-02-23 23:45:55');
INSERT INTO BOARD (F_CATEGORY_ID, F_CATEGORY, F_LECTURE, F_TITLE, F_GRADE, F_CONTENTS, F_COUNT, F_BEST, F_ID, F_NAME, F_ATTACH_FILE_ORI, F_ATTACH_FILE_CRYPTO, F_REG_TIME) VALUES ('2', '공통역량', '성과창출로 이어지는 대화의 기술 [조직 커뮤니케이션]', '주식초보자에게 큰 도움이 되었던 강의', '2', '<p style="color: rgb(85, 85, 85); font-family: &quot;Malgun Gothic&quot;, 맑은고딕, 돋움, Dotum, sans-serif; font-size: 14px; letter-spacing: -1px;">금융권에 취직하고 공부할 게 더 많아졌다는 생각이 듭니다.</p><p style="color: rgb(85, 85, 85); font-family: &quot;Malgun Gothic&quot;, 맑은고딕, 돋움, Dotum, sans-serif; font-size: 14px; letter-spacing: -1px;">내 돈도 아니고 타인의 돈을 직접적으로 터치하는 직업이다보니 조심스러운데 실적은 필요하고...</p><p style="color: rgb(85, 85, 85); font-family: &quot;Malgun Gothic&quot;, 맑은고딕, 돋움, Dotum, sans-serif; font-size: 14px; letter-spacing: -1px;">많은 분들이 금융권에 대한 환상이 있고 그게 어느정도 맞는 만큼 사실 그만큼의 공부도 필요합니다.</p><p style="color: rgb(85, 85, 85); font-family: &quot;Malgun Gothic&quot;, 맑은고딕, 돋움, Dotum, sans-serif; font-size: 14px; letter-spacing: -1px;">금융 자격증같은게 엄청 많았는데 전 기초부터 닦는게 더 필요한 것 같아 주식투자, 보험 등과 관련된 단과 수업을 들었습니다.</p><p style="color: rgb(85, 85, 85); font-family: &quot;Malgun Gothic&quot;, 맑은고딕, 돋움, Dotum, sans-serif; font-size: 14px; letter-spacing: -1px;">그 중 파이낸셜씽킹은 강의 구성이 주식 초보자라도 쉽게 이해할 수 있도록 잘 짜여져있어 많은 도움이 되었습니다.</p><p style="color: rgb(85, 85, 85); font-family: &quot;Malgun Gothic&quot;, 맑은고딕, 돋움, Dotum, sans-serif; font-size: 14px; letter-spacing: -1px;">앞으로도 조금씩 단계를 높여가면서 AFPK나 투자권유자문인력도 해봐야 겠네요.</p>                            <p><br></p>', 0, null, 'hackers', '해커스', '', '', '2021-02-23 23:46:24');
INSERT INTO BOARD (F_CATEGORY_ID, F_CATEGORY, F_LECTURE, F_TITLE, F_GRADE, F_CONTENTS, F_COUNT, F_BEST, F_ID, F_NAME, F_ATTACH_FILE_ORI, F_ATTACH_FILE_CRYPTO, F_REG_TIME) VALUES ('2', '공통역량', '[직장생활백서] 관계가 어려운 당신에게', '효율적이고 실용적인 재무 기초를 위한 과정', '2', '<p style="color: rgb(85, 85, 85); font-family: &quot;Malgun Gothic&quot;, 맑은고딕, 돋움, Dotum, sans-serif; font-size: 14px; letter-spacing: -1px;">대학교 때 배우기는 했지만 주로 마케팅쪽으로 공부를 많이해서 재무회계쪽은 잘 몰랐는데</p><p style="color: rgb(85, 85, 85); font-family: &quot;Malgun Gothic&quot;, 맑은고딕, 돋움, Dotum, sans-serif; font-size: 14px; letter-spacing: -1px;">이번 수업덕분에 많은 부분에서 도움을 받았습니다.</p><p style="color: rgb(85, 85, 85); font-family: &quot;Malgun Gothic&quot;, 맑은고딕, 돋움, Dotum, sans-serif; font-size: 14px; letter-spacing: -1px;">기초 수업인지라 큰 부담 없이 들을 수 있고, 실무에서도 많은 도움을 얻을 수 있습니다.</p><p style="color: rgb(85, 85, 85); font-family: &quot;Malgun Gothic&quot;, 맑은고딕, 돋움, Dotum, sans-serif; font-size: 14px; letter-spacing: -1px;">16강밖에 안 된다고 너무 적다고 생각하는 분들이 계실 수도 있지만</p><p style="color: rgb(85, 85, 85); font-family: &quot;Malgun Gothic&quot;, 맑은고딕, 돋움, Dotum, sans-serif; font-size: 14px; letter-spacing: -1px;">이 16강이 재무기초의 모든 것을 담고 있다는 것을 생각하면</p><p style="color: rgb(85, 85, 85); font-family: &quot;Malgun Gothic&quot;, 맑은고딕, 돋움, Dotum, sans-serif; font-size: 14px; letter-spacing: -1px;">매우 효율적이고, 무엇보다도 실용적인 과정이라고 생각합니다.</p><p style="color: rgb(85, 85, 85); font-family: &quot;Malgun Gothic&quot;, 맑은고딕, 돋움, Dotum, sans-serif; font-size: 14px; letter-spacing: -1px;">재무회계쪽은 익혀두면 앞으로 활동할 수 있는 범위가 더 커질 수 있으니 많은 분들에게 추천하는 강의입니다.</p>                            <p><br></p>', 0, null, 'hackers', '해커스', '', '', '2021-02-23 23:46:39');
INSERT INTO BOARD (F_CATEGORY_ID, F_CATEGORY, F_LECTURE, F_TITLE, F_GRADE, F_CONTENTS, F_COUNT, F_BEST, F_ID, F_NAME, F_ATTACH_FILE_ORI, F_ATTACH_FILE_CRYPTO, F_REG_TIME) VALUES ('2', '공통역량', '신입사원 상식사전(일반)', '사례로 배워서 더 알기 쉬운 교통사고 관련 강의', '2', '<span style="color: rgb(85, 85, 85); font-family: &quot;Malgun Gothic&quot;, 맑은고딕, 돋움, Dotum, sans-serif; font-size: 14px; letter-spacing: -1px;">보험쪽에서 근무하면서 교통사고 관련 법률은 조금 알아두면 좋다는 선배님 말에</span><br style="color: rgb(85, 85, 85); font-family: &quot;Malgun Gothic&quot;, 맑은고딕, 돋움, Dotum, sans-serif; font-size: 14px; letter-spacing: -1px;"><span style="color: rgb(85, 85, 85); font-family: &quot;Malgun Gothic&quot;, 맑은고딕, 돋움, Dotum, sans-serif; font-size: 14px; letter-spacing: -1px;">''사례로 풀어보는 교통사고 처리방법'' 강의를 들었습니다.</span><br style="color: rgb(85, 85, 85); font-family: &quot;Malgun Gothic&quot;, 맑은고딕, 돋움, Dotum, sans-serif; font-size: 14px; letter-spacing: -1px;"><span style="color: rgb(85, 85, 85); font-family: &quot;Malgun Gothic&quot;, 맑은고딕, 돋움, Dotum, sans-serif; font-size: 14px; letter-spacing: -1px;">딱딱한 이론만 나오는 수업은 싫어서 사례 위주로 수업하는 강의를 선택한 거였는데</span><br style="color: rgb(85, 85, 85); font-family: &quot;Malgun Gothic&quot;, 맑은고딕, 돋움, Dotum, sans-serif; font-size: 14px; letter-spacing: -1px;"><span style="color: rgb(85, 85, 85); font-family: &quot;Malgun Gothic&quot;, 맑은고딕, 돋움, Dotum, sans-serif; font-size: 14px; letter-spacing: -1px;">사례만으로 수업을 했어도 정말 도움이 많이 되는 강의였습니다.</span><br style="color: rgb(85, 85, 85); font-family: &quot;Malgun Gothic&quot;, 맑은고딕, 돋움, Dotum, sans-serif; font-size: 14px; letter-spacing: -1px;"><span style="color: rgb(85, 85, 85); font-family: &quot;Malgun Gothic&quot;, 맑은고딕, 돋움, Dotum, sans-serif; font-size: 14px; letter-spacing: -1px;">보험회사 다니는 사람한테도 잘 맞는 강의지만</span><br style="color: rgb(85, 85, 85); font-family: &quot;Malgun Gothic&quot;, 맑은고딕, 돋움, Dotum, sans-serif; font-size: 14px; letter-spacing: -1px;"><span style="color: rgb(85, 85, 85); font-family: &quot;Malgun Gothic&quot;, 맑은고딕, 돋움, Dotum, sans-serif; font-size: 14px; letter-spacing: -1px;">꼭 그렇지 않더라도 일반 사람들도 만약 교통사고를 당했을 때 경험같은 지식으로</span><br style="color: rgb(85, 85, 85); font-family: &quot;Malgun Gothic&quot;, 맑은고딕, 돋움, Dotum, sans-serif; font-size: 14px; letter-spacing: -1px;"><span style="color: rgb(85, 85, 85); font-family: &quot;Malgun Gothic&quot;, 맑은고딕, 돋움, Dotum, sans-serif; font-size: 14px; letter-spacing: -1px;">많은 도움을 얻을수 있지 않을까 생각합니다.</span>                            <p><br></p>', 0, null, 'hackers', '해커스', '', '', '2021-02-23 23:47:04');
INSERT INTO BOARD (F_CATEGORY_ID, F_CATEGORY, F_LECTURE, F_TITLE, F_GRADE, F_CONTENTS, F_COUNT, F_BEST, F_ID, F_NAME, F_ATTACH_FILE_ORI, F_ATTACH_FILE_CRYPTO, F_REG_TIME) VALUES ('2', '공통역량', '내 인생의 터닝포인트가 될 16가지 철학 이야기', '실무에서도 많은 도움이 될 것 같은 강의!', '3', '<p style="color: rgb(85, 85, 85); font-family: &quot;Malgun Gothic&quot;, 맑은고딕, 돋움, Dotum, sans-serif; font-size: 14px; letter-spacing: -1px; line-height: 1.8;">중소기업에서 일하면서 건설 관련 법적인 지식도 필요했는데<br>이번 강의덕분에 어렵지 않게 기초를 다질 수 있었습니다.<br>강의도 16개 강의에 저한테 필요한 내용들로 사례위주로 꽉꽉 채워서<br>수강하기 쉬웠으며, 복습기간 한 달이 더 주어져서 어려웠던 부분은 한 번씩 더 들었습니다.</p><p style="color: rgb(85, 85, 85); font-family: &quot;Malgun Gothic&quot;, 맑은고딕, 돋움, Dotum, sans-serif; font-size: 14px; letter-spacing: -1px; line-height: 1.8;">건설업에서 일하고 계신 분이나, 이 쪽으로 막 들어온 신입사원은<br>이 강의는 기본적으로 들어둔다면 앞으로 실무에서도 많은 도움이 될 것 같습니다.</p>                            <p><br></p>', 0, null, 'hackers', '해커스', '', '', '2021-02-23 23:47:27');
INSERT INTO BOARD (F_CATEGORY_ID, F_CATEGORY, F_LECTURE, F_TITLE, F_GRADE, F_CONTENTS, F_COUNT, F_BEST, F_ID, F_NAME, F_ATTACH_FILE_ORI, F_ATTACH_FILE_CRYPTO, F_REG_TIME) VALUES ('2', '공통역량', '개인정보 보호 교육', '코딩 입문을 위한 강의로 추천합니다.', '2', '<span style="color: rgb(85, 85, 85); font-family: &quot;Malgun Gothic&quot;, 맑은고딕, 돋움, Dotum, sans-serif; font-size: 14px; letter-spacing: -1px;">요즘 애들은 초등학교(?) 부터 코딩을 배운다고 하길래</span><br style="color: rgb(85, 85, 85); font-family: &quot;Malgun Gothic&quot;, 맑은고딕, 돋움, Dotum, sans-serif; font-size: 14px; letter-spacing: -1px;"><span style="color: rgb(85, 85, 85); font-family: &quot;Malgun Gothic&quot;, 맑은고딕, 돋움, Dotum, sans-serif; font-size: 14px; letter-spacing: -1px;">저도 자기개발 겸 컴퓨터 관련 공부를 시작했습니다.</span><br style="color: rgb(85, 85, 85); font-family: &quot;Malgun Gothic&quot;, 맑은고딕, 돋움, Dotum, sans-serif; font-size: 14px; letter-spacing: -1px;"><span style="color: rgb(85, 85, 85); font-family: &quot;Malgun Gothic&quot;, 맑은고딕, 돋움, Dotum, sans-serif; font-size: 14px; letter-spacing: -1px;">처음에는 수업을 하면서 익숙하지 않은 용어들이 나와 힘들기도 했지만</span><br style="color: rgb(85, 85, 85); font-family: &quot;Malgun Gothic&quot;, 맑은고딕, 돋움, Dotum, sans-serif; font-size: 14px; letter-spacing: -1px;"><span style="color: rgb(85, 85, 85); font-family: &quot;Malgun Gothic&quot;, 맑은고딕, 돋움, Dotum, sans-serif; font-size: 14px; letter-spacing: -1px;">인터넷 찾아보면서 공부하다보니 다행히 금방 익숙해질 수 있었습니다.</span><br style="color: rgb(85, 85, 85); font-family: &quot;Malgun Gothic&quot;, 맑은고딕, 돋움, Dotum, sans-serif; font-size: 14px; letter-spacing: -1px;"><span style="color: rgb(85, 85, 85); font-family: &quot;Malgun Gothic&quot;, 맑은고딕, 돋움, Dotum, sans-serif; font-size: 14px; letter-spacing: -1px;">용어가 낯설어서 그렇지 수업 자체는 이해하기 쉽게 진행되었으며</span><br style="color: rgb(85, 85, 85); font-family: &quot;Malgun Gothic&quot;, 맑은고딕, 돋움, Dotum, sans-serif; font-size: 14px; letter-spacing: -1px;"><span style="color: rgb(85, 85, 85); font-family: &quot;Malgun Gothic&quot;, 맑은고딕, 돋움, Dotum, sans-serif; font-size: 14px; letter-spacing: -1px;">복습기간도 주어져서 최소한 기초는 다질 수 있었다고 생각합니다.</span><br style="color: rgb(85, 85, 85); font-family: &quot;Malgun Gothic&quot;, 맑은고딕, 돋움, Dotum, sans-serif; font-size: 14px; letter-spacing: -1px;"><span style="color: rgb(85, 85, 85); font-family: &quot;Malgun Gothic&quot;, 맑은고딕, 돋움, Dotum, sans-serif; font-size: 14px; letter-spacing: -1px;">코딩에 대해서 초보 입문하는 분들이라면 이 강의로 입문하시기를 추천합니다.</span>                            <p><br></p>', 0, null, 'hackers', '해커스', '', '', '2021-02-23 23:47:44');
INSERT INTO BOARD (F_CATEGORY_ID, F_CATEGORY, F_LECTURE, F_TITLE, F_GRADE, F_CONTENTS, F_COUNT, F_BEST, F_ID, F_NAME, F_ATTACH_FILE_ORI, F_ATTACH_FILE_CRYPTO, F_REG_TIME) VALUES ('2', '공통역량', '[대신읽어드립니다] 독서로 만나는 인문학', '김학도씨가 반가운 강의였습니다. ㅎㅎ', '4', '<p style="color: rgb(85, 85, 85); font-family: &quot;Malgun Gothic&quot;, 맑은고딕, 돋움, Dotum, sans-serif; font-size: 14px; letter-spacing: -1px;">연예인이 강의에 나오니까 뭔가 신선하고 재밌었습니다.</p><p style="color: rgb(85, 85, 85); font-family: &quot;Malgun Gothic&quot;, 맑은고딕, 돋움, Dotum, sans-serif; font-size: 14px; letter-spacing: -1px;">내용 자체는 도움되는 면도 있고, 살짝 어수선한 면도 있었습니다.</p><p style="color: rgb(85, 85, 85); font-family: &quot;Malgun Gothic&quot;, 맑은고딕, 돋움, Dotum, sans-serif; font-size: 14px; letter-spacing: -1px;">경영전략,, 참 많이 배울 수록 써먹을 데는 많은 것 같습니다.</p>                            <p><br></p>', 0, null, 'hackers', '해커스', '', '', '2021-02-23 23:47:59');
INSERT INTO BOARD (F_CATEGORY_ID, F_CATEGORY, F_LECTURE, F_TITLE, F_GRADE, F_CONTENTS, F_COUNT, F_BEST, F_ID, F_NAME, F_ATTACH_FILE_ORI, F_ATTACH_FILE_CRYPTO, F_REG_TIME) VALUES ('2', '공통역량', '예술작품 2배 즐기기! 유럽미술관 속 명화 이야기', '브랜드 전략의 중요성', '5', '<p style="color: rgb(85, 85, 85); font-family: &quot;Malgun Gothic&quot;, 맑은고딕, 돋움, Dotum, sans-serif; font-size: 14px; letter-spacing: -1px;">루이비통의 사례를 들어 좋은 내용을 배웠습니다. 가치를 담는 브랜드 전략,</p><p style="color: rgb(85, 85, 85); font-family: &quot;Malgun Gothic&quot;, 맑은고딕, 돋움, Dotum, sans-serif; font-size: 14px; letter-spacing: -1px;">이런 내용은 회사 생활에서뿐 아니라, 나중에 개인 사업을 할 때도 유용하게 생각해볼 필요가 있겠네요.</p>                            <p><br></p>', 0, null, 'hackers', '해커스', '', '', '2021-02-23 23:48:16');
INSERT INTO BOARD (F_CATEGORY_ID, F_CATEGORY, F_LECTURE, F_TITLE, F_GRADE, F_CONTENTS, F_COUNT, F_BEST, F_ID, F_NAME, F_ATTACH_FILE_ORI, F_ATTACH_FILE_CRYPTO, F_REG_TIME) VALUES ('2', '공통역량', '월급쟁이 재테크 상식사전', '최강 영업비법..', '2', '<p style="color: rgb(85, 85, 85); font-family: &quot;Malgun Gothic&quot;, 맑은고딕, 돋움, Dotum, sans-serif; font-size: 14px; letter-spacing: -1px;">최강 영업비법 까지는 모르겠고,</p><p style="color: rgb(85, 85, 85); font-family: &quot;Malgun Gothic&quot;, 맑은고딕, 돋움, Dotum, sans-serif; font-size: 14px; letter-spacing: -1px;">일단 직무에 도움은 많이 되는 것 같습니다.</p><p style="color: rgb(85, 85, 85); font-family: &quot;Malgun Gothic&quot;, 맑은고딕, 돋움, Dotum, sans-serif; font-size: 14px; letter-spacing: -1px;">뭔가 배운 보람이 느껴지네요.</p>                            <p><br></p>', 0, null, 'hackers', '해커스', '', '', '2021-02-23 23:48:30');
INSERT INTO BOARD (F_CATEGORY_ID, F_CATEGORY, F_LECTURE, F_TITLE, F_GRADE, F_CONTENTS, F_COUNT, F_BEST, F_ID, F_NAME, F_ATTACH_FILE_ORI, F_ATTACH_FILE_CRYPTO, F_REG_TIME) VALUES ('2', '공통역량', '[꿈꾸는 책방] 그림책이 들려주는 힐링-★올인원 패키지★', '앱 개발의 기초를 이해할수있는 강의입니다.', '3', '<p style="color: rgb(85, 85, 85); font-family: &quot;Malgun Gothic&quot;, 맑은고딕, 돋움, Dotum, sans-serif; font-size: 14px; letter-spacing: -1px;">앱디자이너로 활동하면서, 항상 앱개발 프로세스에 대한 이해가 부족했었는데,</p><p style="color: rgb(85, 85, 85); font-family: &quot;Malgun Gothic&quot;, 맑은고딕, 돋움, Dotum, sans-serif; font-size: 14px; letter-spacing: -1px;">이 강의를 듣고 그 기초를 학습할 수 있는 계기가 되어 좋았습니다.</p><p style="color: rgb(85, 85, 85); font-family: &quot;Malgun Gothic&quot;, 맑은고딕, 돋움, Dotum, sans-serif; font-size: 14px; letter-spacing: -1px;">타이젠을 통한 개발환경을 구축하고, 여러가지 유용한 위젯을 활용하는 방법까지 배울수있었습니다.</p><p style="color: rgb(85, 85, 85); font-family: &quot;Malgun Gothic&quot;, 맑은고딕, 돋움, Dotum, sans-serif; font-size: 14px; letter-spacing: -1px;">이 컨텐츠를 통해 조금만 더 실습하고 익히다보면 혼자서도 앱컨텐츠를 개발할수 있겠다는 생각이 들었습니다.</p><p style="color: rgb(85, 85, 85); font-family: &quot;Malgun Gothic&quot;, 맑은고딕, 돋움, Dotum, sans-serif; font-size: 14px; letter-spacing: -1px;">저와같은 앱개발 입문자들에게도 추천드리고 싶습니다.</p>                            <p><br></p>', 0, null, 'hackers', '해커스', '', '', '2021-02-23 23:48:47');
INSERT INTO BOARD (F_CATEGORY_ID, F_CATEGORY, F_LECTURE, F_TITLE, F_GRADE, F_CONTENTS, F_COUNT, F_BEST, F_ID, F_NAME, F_ATTACH_FILE_ORI, F_ATTACH_FILE_CRYPTO, F_REG_TIME) VALUES ('2', '공통역량', '[꿈꾸는 책방] 그림책이 들려주는 육아 힐링 라이프', '디지털 콘텐츠를 전반적으로 이해할수 있는 계기가 되었습니다.', '4', '<p style="color: rgb(85, 85, 85); font-family: &quot;Malgun Gothic&quot;, 맑은고딕, 돋움, Dotum, sans-serif; font-size: 14px; letter-spacing: -1px;">디지털 콘텐츠에 대해 이해하기 위해 학습자료를 찾던도중,&nbsp;이 강의를 접하게 되었습니다.</p><p style="color: rgb(85, 85, 85); font-family: &quot;Malgun Gothic&quot;, 맑은고딕, 돋움, Dotum, sans-serif; font-size: 14px; letter-spacing: -1px;">저와같은 초보자들이 학습하기 적합한, 기본적인 정보부터 다양한 실습을 통해 학습한 내용을 적용해보는 점이 마음에 들었습니다.</p><p style="color: rgb(85, 85, 85); font-family: &quot;Malgun Gothic&quot;, 맑은고딕, 돋움, Dotum, sans-serif; font-size: 14px; letter-spacing: -1px;">여기서 배운데로 현재 기획하고 있는 컨텐츠를 인디자인으로 제작해보았는데, 참 뿌듯한 느낌이었습니다.</p><p style="color: rgb(85, 85, 85); font-family: &quot;Malgun Gothic&quot;, 맑은고딕, 돋움, Dotum, sans-serif; font-size: 14px; letter-spacing: -1px;">다른 디지털 콘텐츠 입문자분들께도 추천해드리고 싶습니다.</p>                            <p><br></p>', 0, null, 'hackers', '해커스', '', '', '2021-02-23 23:49:05');
INSERT INTO BOARD (F_CATEGORY_ID, F_CATEGORY, F_LECTURE, F_TITLE, F_GRADE, F_CONTENTS, F_COUNT, F_BEST, F_ID, F_NAME, F_ATTACH_FILE_ORI, F_ATTACH_FILE_CRYPTO, F_REG_TIME) VALUES ('2', '공통역량', '[꿈꾸는 책방] 그림책이 들려주는 직장인 힐링 라이프', '어렵게만 느껴졌던 문법공부가 재미있어졌어요!', '3', '<p style="color: rgb(85, 85, 85); font-family: &quot;Malgun Gothic&quot;, 맑은고딕, 돋움, Dotum, sans-serif; font-size: 14px; letter-spacing: -1px;">문법공부라면 따분함부터 느꼈는데, 그래머 게이트웨이 베이직을 수강하고 나서는 자신감을 얻었습니다.</p><p style="color: rgb(85, 85, 85); font-family: &quot;Malgun Gothic&quot;, 맑은고딕, 돋움, Dotum, sans-serif; font-size: 14px; letter-spacing: -1px;">우리 생활에서 바로 사용할 수 있는 문장과 다양한 유형의 연습문제를 통해&nbsp;재미있으면서도 기초를 탄탄히 다지는 기회가</p><p style="color: rgb(85, 85, 85); font-family: &quot;Malgun Gothic&quot;, 맑은고딕, 돋움, Dotum, sans-serif; font-size: 14px; letter-spacing: -1px;">되었습니다. 저와같은, 처음 시작하는 초보 학습자들도 문법에 대한 두려움을 벗어났으면 하는 바램입니다.</p>                            <p><br></p>', 0, null, 'hackers', '해커스', '', '', '2021-02-23 23:49:27');
INSERT INTO BOARD (F_CATEGORY_ID, F_CATEGORY, F_LECTURE, F_TITLE, F_GRADE, F_CONTENTS, F_COUNT, F_BEST, F_ID, F_NAME, F_ATTACH_FILE_ORI, F_ATTACH_FILE_CRYPTO, F_REG_TIME) VALUES ('2', '공통역량', '[꿈꾸는 책방] 그림책이 들려주는 직장인 힐링 라이프', '문서작성의 기초를 다질 수 있게 해준 강의!', '3', '<p style="color: rgb(85, 85, 85); font-family: &quot;Malgun Gothic&quot;, 맑은고딕, 돋움, Dotum, sans-serif; font-size: 14px; letter-spacing: -1px; line-height: 1.8;">음대나와서 기간제&nbsp;선생님을 하다가 운이 좋게 공연장 기획자 자리에 계약직으로 들어왔어요.</p><p style="color: rgb(85, 85, 85); font-family: &quot;Malgun Gothic&quot;, 맑은고딕, 돋움, Dotum, sans-serif; font-size: 14px; letter-spacing: -1px; line-height: 1.8;">학교다닐 때 문서작성하거나 그럴 일이 없다보니 피피티나 엑셀같은게 진짜 낯설었어요ㅠㅠ</p><p style="color: rgb(85, 85, 85); font-family: &quot;Malgun Gothic&quot;, 맑은고딕, 돋움, Dotum, sans-serif; font-size: 14px; letter-spacing: -1px; line-height: 1.8;">문서작성때문에 사수한테 많이 혼났는데, 친구가 근로자카드로 수업 들을게 많다고 해서 문서작성과정 알아봤어요.</p><p style="color: rgb(85, 85, 85); font-family: &quot;Malgun Gothic&quot;, 맑은고딕, 돋움, Dotum, sans-serif; font-size: 14px; letter-spacing: -1px; line-height: 1.8;">처음엔 OA가 뭔지도 몰라서 이것저것 물어보면서 수업을 선택해서 ITQ 마스터 과정을 들었는데</p><p style="color: rgb(85, 85, 85); font-family: &quot;Malgun Gothic&quot;, 맑은고딕, 돋움, Dotum, sans-serif; font-size: 14px; letter-spacing: -1px; line-height: 1.8;">강의 들으면서 따라하다보니 회사에서 하는 기본적인 문서작성은 문제없이 할 수 있게 됐네요~</p><p style="color: rgb(85, 85, 85); font-family: &quot;Malgun Gothic&quot;, 맑은고딕, 돋움, Dotum, sans-serif; font-size: 14px; letter-spacing: -1px; line-height: 1.8;">이게 자격증 과정이기는 한데 전 자격증때문에 들었던 건 아니고, 워드나 엑셀좀 다루려고 들었는데</p><p style="color: rgb(85, 85, 85); font-family: &quot;Malgun Gothic&quot;, 맑은고딕, 돋움, Dotum, sans-serif; font-size: 14px; letter-spacing: -1px; line-height: 1.8;">도움 진짜 많이 받았습니다. 알아보니까 자격증시험도 많이 어려운건 아니라니까 도전해 봐도 괜찮을 것 같아요.</p><p style="color: rgb(85, 85, 85); font-family: &quot;Malgun Gothic&quot;, 맑은고딕, 돋움, Dotum, sans-serif; font-size: 14px; letter-spacing: -1px; line-height: 1.8;">문서작성때문에 회사에서 힘든 분들한테 추천할게요!!!</p>                            <p><br></p>', 0, null, 'hackers', '해커스', '', '', '2021-02-23 23:49:51');
INSERT INTO BOARD (F_CATEGORY_ID, F_CATEGORY, F_LECTURE, F_TITLE, F_GRADE, F_CONTENTS, F_COUNT, F_BEST, F_ID, F_NAME, F_ATTACH_FILE_ORI, F_ATTACH_FILE_CRYPTO, F_REG_TIME) VALUES ('2', '공통역량', '직장인 힐링 클래스: 나에게 선물하는 클래식 테라피', '회계! 어렵지 않게 배울 수 있었습니다!', '2', '<p style="color: rgb(85, 85, 85); font-family: &quot;Malgun Gothic&quot;, 맑은고딕, 돋움, Dotum, sans-serif; font-size: 14px; letter-spacing: -1px; line-height: 1.8;">4학년 때 취업때문에 고민하다가 모교출신&nbsp;특별 채용하는 그런 거에 지원해서 어쩌다보니 회계쪽 업무를 하게 됐습니다.</p><p style="color: rgb(85, 85, 85); font-family: &quot;Malgun Gothic&quot;, 맑은고딕, 돋움, Dotum, sans-serif; font-size: 14px; letter-spacing: -1px; line-height: 1.8;">고등학교 때에도 숫자란 숫자는 다 싫어서 수포도 했었고, 선택과목도 경제쪽 이런데는 관심도 없었는데</p><p style="color: rgb(85, 85, 85); font-family: &quot;Malgun Gothic&quot;, 맑은고딕, 돋움, Dotum, sans-serif; font-size: 14px; letter-spacing: -1px; line-height: 1.8;">직장 다니려면 어쩔 수 없이 해야겠떠라구요. 회사에서 혼나는 것도 처음 몇 주지...</p><p style="color: rgb(85, 85, 85); font-family: &quot;Malgun Gothic&quot;, 맑은고딕, 돋움, Dotum, sans-serif; font-size: 14px; letter-spacing: -1px; line-height: 1.8;">다행히 요즘에는 회계 관련된 기초과정이 좀 있어서 알아보다가 공짜로 배울 수 있는 국가지원프로그램이 있다고 해서</p><p style="color: rgb(85, 85, 85); font-family: &quot;Malgun Gothic&quot;, 맑은고딕, 돋움, Dotum, sans-serif; font-size: 14px; letter-spacing: -1px; line-height: 1.8;">복습기간까지 포함해 2개월동안 수업들었습니다. 1급 바로 들어도 초보자도 어렵지 않다고 해서 이 과정 선택했구요.</p><p style="color: rgb(85, 85, 85); font-family: &quot;Malgun Gothic&quot;, 맑은고딕, 돋움, Dotum, sans-serif; font-size: 14px; letter-spacing: -1px; line-height: 1.8;">실제로 수업 자체도 설명해 주시는 개념들만 잘 알아두면 어렵다 할만한 부분은 없었습니다.</p><p style="color: rgb(85, 85, 85); font-family: &quot;Malgun Gothic&quot;, 맑은고딕, 돋움, Dotum, sans-serif; font-size: 14px; letter-spacing: -1px; line-height: 1.8;">다행이 요즘은 업무할 때 버벅거리는 게 많이 없어졌고, 인터넷 찾아보고 선배님께 질문하는게 많이 줄어</p><p style="color: rgb(85, 85, 85); font-family: &quot;Malgun Gothic&quot;, 맑은고딕, 돋움, Dotum, sans-serif; font-size: 14px; letter-spacing: -1px; line-height: 1.8;">야근하는 많이 안 해요. 지금&nbsp;회계일을 하는 분이 아니더라도 들어두면 나중에&nbsp;이직하거나 할 때, 선택권이 폭넓을 거라고 생각합니다.</p>                            <p><br></p>', 0, null, 'hackers', '해커스', '', '', '2021-02-23 23:50:06');
INSERT INTO BOARD (F_CATEGORY_ID, F_CATEGORY, F_LECTURE, F_TITLE, F_GRADE, F_CONTENTS, F_COUNT, F_BEST, F_ID, F_NAME, F_ATTACH_FILE_ORI, F_ATTACH_FILE_CRYPTO, F_REG_TIME) VALUES ('3', '일반직무', '왕초보도 따라하는 재테크 성공의 비밀', '서비스 업종에 종사하는 분들 화이팅입니다.', '4', '<p style="color: rgb(85, 85, 85); font-family: &quot;Malgun Gothic&quot;, 맑은고딕, 돋움, Dotum, sans-serif; font-size: 14px; letter-spacing: -1px;">서비스업종에 종사하시는 분들 대다수는 정말 스트레스 많이 받으실거라고 생각합니다.</p><p style="color: rgb(85, 85, 85); font-family: &quot;Malgun Gothic&quot;, 맑은고딕, 돋움, Dotum, sans-serif; font-size: 14px; letter-spacing: -1px;">뭐 강의 하나 듣는다고 일하면서 모든 스트레스가 사라진다고 볼 수는 없겠지만</p><p style="color: rgb(85, 85, 85); font-family: &quot;Malgun Gothic&quot;, 맑은고딕, 돋움, Dotum, sans-serif; font-size: 14px; letter-spacing: -1px;">그래도 작은 팁같은 것들 많이 알아두고, 응대할 수 있는 마음가짐을 미리 다져놓는다면</p><p style="color: rgb(85, 85, 85); font-family: &quot;Malgun Gothic&quot;, 맑은고딕, 돋움, Dotum, sans-serif; font-size: 14px; letter-spacing: -1px;">실생활에서 받는 스트레스나 업무강도는 한 층 낮아질 수 있다고 생각합니다.</p><p style="color: rgb(85, 85, 85); font-family: &quot;Malgun Gothic&quot;, 맑은고딕, 돋움, Dotum, sans-serif; font-size: 14px; letter-spacing: -1px;">모두 화이팅 하시길</p>                            <p><br></p>', 0, null, 'hackers', '해커스', '', '', '2021-02-23 23:50:30');
INSERT INTO BOARD (F_CATEGORY_ID, F_CATEGORY, F_LECTURE, F_TITLE, F_GRADE, F_CONTENTS, F_COUNT, F_BEST, F_ID, F_NAME, F_ATTACH_FILE_ORI, F_ATTACH_FILE_CRYPTO, F_REG_TIME) VALUES ('3', '일반직무', '4차 산업혁명과 인사노무관리 이슈', '사례 교육이 참 좋네요.', '1', '<p style="color: rgb(85, 85, 85); font-family: &quot;Malgun Gothic&quot;, 맑은고딕, 돋움, Dotum, sans-serif; font-size: 14px; letter-spacing: -1px;">제목 그대로 금융업계의 사례를 들어서</p><p style="color: rgb(85, 85, 85); font-family: &quot;Malgun Gothic&quot;, 맑은고딕, 돋움, Dotum, sans-serif; font-size: 14px; letter-spacing: -1px;">강의를 들을 수 있는 점이</p><p style="color: rgb(85, 85, 85); font-family: &quot;Malgun Gothic&quot;, 맑은고딕, 돋움, Dotum, sans-serif; font-size: 14px; letter-spacing: -1px;">공감이 되고 배울 것이 많네요.</p>                            <p><br></p>', 0, null, 'hackers', '해커스', '', '', '2021-02-23 23:50:53');
INSERT INTO BOARD (F_CATEGORY_ID, F_CATEGORY, F_LECTURE, F_TITLE, F_GRADE, F_CONTENTS, F_COUNT, F_BEST, F_ID, F_NAME, F_ATTACH_FILE_ORI, F_ATTACH_FILE_CRYPTO, F_REG_TIME) VALUES ('3', '일반직무', '사례중심의 금융상품 마케팅 기획과 전략 Skill', 's급 인재가 될 수 있을까..', '3', '<p style="color: rgb(85, 85, 85); font-family: &quot;Malgun Gothic&quot;, 맑은고딕, 돋움, Dotum, sans-serif; font-size: 14px; letter-spacing: -1px;">강의 제목부터 눈길을 끌어서 들어봤는데</p><p style="color: rgb(85, 85, 85); font-family: &quot;Malgun Gothic&quot;, 맑은고딕, 돋움, Dotum, sans-serif; font-size: 14px; letter-spacing: -1px;">재밌게 잘 봤습니다.</p><p style="color: rgb(85, 85, 85); font-family: &quot;Malgun Gothic&quot;, 맑은고딕, 돋움, Dotum, sans-serif; font-size: 14px; letter-spacing: -1px;">물론 유익하기도 했구요..</p><p style="color: rgb(85, 85, 85); font-family: &quot;Malgun Gothic&quot;, 맑은고딕, 돋움, Dotum, sans-serif; font-size: 14px; letter-spacing: -1px;">다만 좀 씁쓸한건</p><p style="color: rgb(85, 85, 85); font-family: &quot;Malgun Gothic&quot;, 맑은고딕, 돋움, Dotum, sans-serif; font-size: 14px; letter-spacing: -1px;">안그래도 경쟁하는 사회에서 ㅜㅜㅜ</p><p style="color: rgb(85, 85, 85); font-family: &quot;Malgun Gothic&quot;, 맑은고딕, 돋움, Dotum, sans-serif; font-size: 14px; letter-spacing: -1px;">인재를 급으로 나눈다는게 참 씁쓸하네요..</p><p style="color: rgb(85, 85, 85); font-family: &quot;Malgun Gothic&quot;, 맑은고딕, 돋움, Dotum, sans-serif; font-size: 14px; letter-spacing: -1px;">그래도 어쩔 수 없이 열심히 해야겠죠...</p>                            <p><br></p>', 0, null, 'hackers', '해커스', '', '', '2021-02-23 23:51:13');
INSERT INTO BOARD (F_CATEGORY_ID, F_CATEGORY, F_LECTURE, F_TITLE, F_GRADE, F_CONTENTS, F_COUNT, F_BEST, F_ID, F_NAME, F_ATTACH_FILE_ORI, F_ATTACH_FILE_CRYPTO, F_REG_TIME) VALUES ('3', '일반직무', '알쏭달쏭 근로기준법 완전정복', '영어에 취약한 공대생 출신에게 완전 추천합니다!!', '3', '<p style="color: rgb(85, 85, 85); font-family: &quot;Malgun Gothic&quot;, 맑은고딕, 돋움, Dotum, sans-serif; font-size: 14px; letter-spacing: -1px; line-height: 1.8;">공대생이라서(핑계지만...ㅎㅎ) 영어에 많이 취약합니다.<br>작년에 여름휴가로 여친이랑 홍콩에 다녀왔는데</p><p style="color: rgb(85, 85, 85); font-family: &quot;Malgun Gothic&quot;, 맑은고딕, 돋움, Dotum, sans-serif; font-size: 14px; letter-spacing: -1px; line-height: 1.8;">여친이 여친이 아니라 거의 통역사였던 것 같네요ㅠㅠ (참고로 여친은 문과생ㅎㅎㅎ)<br>회사에서 사업주프로그램인가&nbsp;해서 영어수업을 몇 개 지원해줬는데 전 기초부터 해야할 것 같아서<br>그래머 게이트웨이 베이직 과정을 들었습니다.<br>선생님이 실력이 좋으신 것도 있었지만 과정 구성 자체도 영어 초보자가 보기에 편하더군요.</p><p style="color: rgb(85, 85, 85); font-family: &quot;Malgun Gothic&quot;, 맑은고딕, 돋움, Dotum, sans-serif; font-size: 14px; letter-spacing: -1px; line-height: 1.8;">한동안 일이 바빠서 추가 과정 못 들었는데 인터미디엇 과정도 들으려구요.</p><p style="color: rgb(85, 85, 85); font-family: &quot;Malgun Gothic&quot;, 맑은고딕, 돋움, Dotum, sans-serif; font-size: 14px; letter-spacing: -1px; line-height: 1.8;">그래서 이번 여름휴가에는 괌에 가기로 했는데 자신감 좀 붙일 수 있을 것 같습니다~!</p>                            <p><br></p>', 0, null, 'hackers', '해커스', '', '', '2021-02-23 23:51:27');
INSERT INTO BOARD (F_CATEGORY_ID, F_CATEGORY, F_LECTURE, F_TITLE, F_GRADE, F_CONTENTS, F_COUNT, F_BEST, F_ID, F_NAME, F_ATTACH_FILE_ORI, F_ATTACH_FILE_CRYPTO, F_REG_TIME) VALUES ('3', '일반직무', '디자인 CEO가 알려주는 포토샵 CC', '예전부터 듣고 싶었는데 인강이 있어서 좋네요 ㅋㅋㅋ', '3', '<p style="color: rgb(85, 85, 85); font-family: &quot;Malgun Gothic&quot;, 맑은고딕, 돋움, Dotum, sans-serif; font-size: 14px; letter-spacing: -1px;">사무직이지만 항상 디자인쪽 일을 취미로 배워보고 싶었는데 특히 몇년전부터 빅데이터가 뜨면서 인포그래픽에 대한 관심이 생겼어요</p><p style="color: rgb(85, 85, 85); font-family: &quot;Malgun Gothic&quot;, 맑은고딕, 돋움, Dotum, sans-serif; font-size: 14px; letter-spacing: -1px;">인포그래픽은 취미뿐 아니라 보고서 작성할 때 업무에도 쓸 수 있을 것 같아서 신청했어요</p><p style="color: rgb(85, 85, 85); font-family: &quot;Malgun Gothic&quot;, 맑은고딕, 돋움, Dotum, sans-serif; font-size: 14px; letter-spacing: -1px;">계속 학원으로 알아보고 있었는데 인강이 있어서 좋네요 ㅋㅋㅋ</p><p style="color: rgb(85, 85, 85); font-family: &quot;Malgun Gothic&quot;, 맑은고딕, 돋움, Dotum, sans-serif; font-size: 14px; letter-spacing: -1px;">인강에서 나온 주요 인포그래픽 형태 참고해서 이것저것 조심씩 만들어보고 있어요</p><p style="color: rgb(85, 85, 85); font-family: &quot;Malgun Gothic&quot;, 맑은고딕, 돋움, Dotum, sans-serif; font-size: 14px; letter-spacing: -1px;">딱딱한 강의도 아니고 해서 좋네요 다른 분들도 들어보시면 좋을 것 같아서 후기 남겨요~</p>                            <p><br></p>', 0, null, 'hackers', '해커스', '', '', '2021-02-23 23:51:44');
INSERT INTO BOARD (F_CATEGORY_ID, F_CATEGORY, F_LECTURE, F_TITLE, F_GRADE, F_CONTENTS, F_COUNT, F_BEST, F_ID, F_NAME, F_ATTACH_FILE_ORI, F_ATTACH_FILE_CRYPTO, F_REG_TIME) VALUES ('3', '일반직무', '영상제작PD가 알려주는 올인원 영상편집 [프리미어CC]', '저작권에 대한 인식을 바꿀 수 있는 교육', '3', '<p style="color: rgb(85, 85, 85); font-family: &quot;Malgun Gothic&quot;, 맑은고딕, 돋움, Dotum, sans-serif; font-size: 14px; letter-spacing: -1px;">디자인업계 신입 직원입니다.</p><p style="color: rgb(85, 85, 85); font-family: &quot;Malgun Gothic&quot;, 맑은고딕, 돋움, Dotum, sans-serif; font-size: 14px; letter-spacing: -1px;">&nbsp;</p><p style="color: rgb(85, 85, 85); font-family: &quot;Malgun Gothic&quot;, 맑은고딕, 돋움, Dotum, sans-serif; font-size: 14px; letter-spacing: -1px;">최근 사내에서 저작권 관련 문제가 계속 이슈가 되고 있어서 신청했습니다.</p><p style="color: rgb(85, 85, 85); font-family: &quot;Malgun Gothic&quot;, 맑은고딕, 돋움, Dotum, sans-serif; font-size: 14px; letter-spacing: -1px;">&nbsp;</p><p style="color: rgb(85, 85, 85); font-family: &quot;Malgun Gothic&quot;, 맑은고딕, 돋움, Dotum, sans-serif; font-size: 14px; letter-spacing: -1px;">그냥 단순히 인터넷의 정보 사용할 때 어떤걸 조심해야 되는지 알고 싶어서 신청했는데,</p><p style="color: rgb(85, 85, 85); font-family: &quot;Malgun Gothic&quot;, 맑은고딕, 돋움, Dotum, sans-serif; font-size: 14px; letter-spacing: -1px;">&nbsp;</p><p style="color: rgb(85, 85, 85); font-family: &quot;Malgun Gothic&quot;, 맑은고딕, 돋움, Dotum, sans-serif; font-size: 14px; letter-spacing: -1px;">제가 있는 업계 이외에도 다양한 저작권의 형태와 권리에 대해서 배울 수 있었어요!</p><p style="color: rgb(85, 85, 85); font-family: &quot;Malgun Gothic&quot;, 맑은고딕, 돋움, Dotum, sans-serif; font-size: 14px; letter-spacing: -1px;">&nbsp;</p><p style="color: rgb(85, 85, 85); font-family: &quot;Malgun Gothic&quot;, 맑은고딕, 돋움, Dotum, sans-serif; font-size: 14px; letter-spacing: -1px;">특히 2차 저작권이나 퍼블리시티권는 매우 유용한 정보였어요</p><p style="color: rgb(85, 85, 85); font-family: &quot;Malgun Gothic&quot;, 맑은고딕, 돋움, Dotum, sans-serif; font-size: 14px; letter-spacing: -1px;">&nbsp;</p><p style="color: rgb(85, 85, 85); font-family: &quot;Malgun Gothic&quot;, 맑은고딕, 돋움, Dotum, sans-serif; font-size: 14px; letter-spacing: -1px;">좋은 과정 감사합니다 :D</p>                            <p><br></p>', 0, null, 'hackers', '해커스', '', '', '2021-02-23 23:52:07');
INSERT INTO BOARD (F_CATEGORY_ID, F_CATEGORY, F_LECTURE, F_TITLE, F_GRADE, F_CONTENTS, F_COUNT, F_BEST, F_ID, F_NAME, F_ATTACH_FILE_ORI, F_ATTACH_FILE_CRYPTO, F_REG_TIME) VALUES ('3', '일반직무', '우리 병원 차별화 전략! 병원CS의 모든 것', '4차 산업혁명에 관심을 가지고 수강', '3', '<p style="color: rgb(85, 85, 85); font-family: &quot;Malgun Gothic&quot;, 맑은고딕, 돋움, Dotum, sans-serif; font-size: 14px; letter-spacing: -1px;">4차 산업혁명으로 많은 부분이 바뀔 것 같은데..</p><p style="color: rgb(85, 85, 85); font-family: &quot;Malgun Gothic&quot;, 맑은고딕, 돋움, Dotum, sans-serif; font-size: 14px; letter-spacing: -1px;">관련 지식을 쌓아보고자 해당 교육 듣고 있습니다.</p><p style="color: rgb(85, 85, 85); font-family: &quot;Malgun Gothic&quot;, 맑은고딕, 돋움, Dotum, sans-serif; font-size: 14px; letter-spacing: -1px;">4차 산업혁명은 여전히 어렵기만 하고, 예측이 불가능하지만</p><p style="color: rgb(85, 85, 85); font-family: &quot;Malgun Gothic&quot;, 맑은고딕, 돋움, Dotum, sans-serif; font-size: 14px; letter-spacing: -1px;">일단 사물인터넷이라는 기술에 대해서는 확실히 알게되어서 좋네요!</p><p style="color: rgb(85, 85, 85); font-family: &quot;Malgun Gothic&quot;, 맑은고딕, 돋움, Dotum, sans-serif; font-size: 14px; letter-spacing: -1px;">급격하게 변화하는 기술을 업무에서 따라잡을 수 있도록 다양한 강좌가 있었으면 하네요.</p>                            <p><br></p>', 0, null, 'hackers', '해커스', '', '', '2021-02-23 23:52:28');
INSERT INTO BOARD (F_CATEGORY_ID, F_CATEGORY, F_LECTURE, F_TITLE, F_GRADE, F_CONTENTS, F_COUNT, F_BEST, F_ID, F_NAME, F_ATTACH_FILE_ORI, F_ATTACH_FILE_CRYPTO, F_REG_TIME) VALUES ('3', '일반직무', '우리 병원 차별화 전략! 병원CS의 모든 것', '금융권 이직희망자에게는 필수(기본?)인 강의!!!', '2', '<p style="color: rgb(85, 85, 85); font-family: &quot;Malgun Gothic&quot;, 맑은고딕, 돋움, Dotum, sans-serif; font-size: 14px; letter-spacing: -1px;">7개월간 금융권을 준비하다가 너무 힘들어서 그냥 일반 기업에 들어왔어용ㅠㅠ<br>그런데 같이 스터디했던 친구들 중 2명이 금융권 들어갔다고 알려주길래 저도 요즘 다시 금융권 이직을 준비하고 있습니당~<br>금융자격증은 투자권유대행인같은 것도 있지만 저는 개인적으로 AFPK가 가장 기본인 것 같아용~<br>그래도 이게 엄청 어렵다거나 그렇지는 않지만... 직장다니면서 독학하기엔 좀 부담스러워서ㅜㅜ</p><p style="color: rgb(85, 85, 85); font-family: &quot;Malgun Gothic&quot;, 맑은고딕, 돋움, Dotum, sans-serif; font-size: 14px; letter-spacing: -1px;">회사에서 직원교육이라고 공지에 뜬거 보고 마침 무료겠다 싶어 처음에 세금 신청했는데 내용도 좋았어요!</p><p style="color: rgb(85, 85, 85); font-family: &quot;Malgun Gothic&quot;, 맑은고딕, 돋움, Dotum, sans-serif; font-size: 14px; letter-spacing: -1px;">이제 보험이랑&nbsp;세금&nbsp;2개 들었는데 나머지도 듣고 올해 말에 시험치르려고 준비중입니당~</p><p style="color: rgb(85, 85, 85); font-family: &quot;Malgun Gothic&quot;, 맑은고딕, 돋움, Dotum, sans-serif; font-size: 14px; letter-spacing: -1px;">부디 내년에는 금융권에서 일하고 있는 날 영접할 수 있기를???ㅋㅋㅋㅋ</p>                            <p><br></p>', 0, null, 'hackers', '해커스', '', '', '2021-02-23 23:52:53');
INSERT INTO BOARD (F_CATEGORY_ID, F_CATEGORY, F_LECTURE, F_TITLE, F_GRADE, F_CONTENTS, F_COUNT, F_BEST, F_ID, F_NAME, F_ATTACH_FILE_ORI, F_ATTACH_FILE_CRYPTO, F_REG_TIME) VALUES ('3', '일반직무', '강성고객을 아이처럼 다스리는 CS 달인되기', '꼭 자격증 목적이 아니더라도 적극 추천하는 강의입니다.', '3', '<span style="color: rgb(85, 85, 85); font-family: &quot;Malgun Gothic&quot;, 맑은고딕, 돋움, Dotum, sans-serif; font-size: 14px; letter-spacing: -1px;">딱히 컴퓨터학원을 다녀본 적도 없고, 대학생때도 워드나 PPT 기본적인 기능만 썼어요ㅋㅋㅋㅋ</span><br style="color: rgb(85, 85, 85); font-family: &quot;Malgun Gothic&quot;, 맑은고딕, 돋움, Dotum, sans-serif; font-size: 14px; letter-spacing: -1px;"><span style="color: rgb(85, 85, 85); font-family: &quot;Malgun Gothic&quot;, 맑은고딕, 돋움, Dotum, sans-serif; font-size: 14px; letter-spacing: -1px;">그런데 회사에 들어오니 생전 처음보는 워드나 PPT 기능을 사용하고</span><br style="color: rgb(85, 85, 85); font-family: &quot;Malgun Gothic&quot;, 맑은고딕, 돋움, Dotum, sans-serif; font-size: 14px; letter-spacing: -1px;"><span style="color: rgb(85, 85, 85); font-family: &quot;Malgun Gothic&quot;, 맑은고딕, 돋움, Dotum, sans-serif; font-size: 14px; letter-spacing: -1px;">특히 엑셀을 많이 이용하더라구요... 더군다나 엑셀은 경험이 없는데ㅠㅠㅠㅠ</span><br style="color: rgb(85, 85, 85); font-family: &quot;Malgun Gothic&quot;, 맑은고딕, 돋움, Dotum, sans-serif; font-size: 14px; letter-spacing: -1px;"><span style="color: rgb(85, 85, 85); font-family: &quot;Malgun Gothic&quot;, 맑은고딕, 돋움, Dotum, sans-serif; font-size: 14px; letter-spacing: -1px;">자격증도 워드정도만 따놔서 입사 초에 선배님들한테 엄청 혼났었는데</span><br style="color: rgb(85, 85, 85); font-family: &quot;Malgun Gothic&quot;, 맑은고딕, 돋움, Dotum, sans-serif; font-size: 14px; letter-spacing: -1px;"><span style="color: rgb(85, 85, 85); font-family: &quot;Malgun Gothic&quot;, 맑은고딕, 돋움, Dotum, sans-serif; font-size: 14px; letter-spacing: -1px;">동기가 알려줘서 근로자카드 발급받아서 복습수강까지 하고 이제는 일하기 좀 편해졌어요!!!</span><br style="color: rgb(85, 85, 85); font-family: &quot;Malgun Gothic&quot;, 맑은고딕, 돋움, Dotum, sans-serif; font-size: 14px; letter-spacing: -1px;"><span style="color: rgb(85, 85, 85); font-family: &quot;Malgun Gothic&quot;, 맑은고딕, 돋움, Dotum, sans-serif; font-size: 14px; letter-spacing: -1px;">자격증 목적으로 들은건 아니지만, 자격증이 목적이든 아니든 상관없이 들어도</span><br style="color: rgb(85, 85, 85); font-family: &quot;Malgun Gothic&quot;, 맑은고딕, 돋움, Dotum, sans-serif; font-size: 14px; letter-spacing: -1px;"><span style="color: rgb(85, 85, 85); font-family: &quot;Malgun Gothic&quot;, 맑은고딕, 돋움, Dotum, sans-serif; font-size: 14px; letter-spacing: -1px;">많은 도움 얻으실 수 있다고 생각해요.</span>                            <p><br></p>', 0, null, 'hackers', '해커스', '', '', '2021-02-23 23:53:13');
INSERT INTO BOARD (F_CATEGORY_ID, F_CATEGORY, F_LECTURE, F_TITLE, F_GRADE, F_CONTENTS, F_COUNT, F_BEST, F_ID, F_NAME, F_ATTACH_FILE_ORI, F_ATTACH_FILE_CRYPTO, F_REG_TIME) VALUES ('3', '일반직무', '브랜드 가치를 높이는 호텔 직무 교육', '가볍지만 효과는 보장하는 강의', '3', '<span style="color: rgb(85, 85, 85); font-family: &quot;Malgun Gothic&quot;, 맑은고딕, 돋움, Dotum, sans-serif; font-size: 14px; letter-spacing: -1px;">작년 말 부서이동을 하게되면서 외국 바이어와 미팅을 할 일이 종종 생겼어요ㅠㅠ</span><br style="color: rgb(85, 85, 85); font-family: &quot;Malgun Gothic&quot;, 맑은고딕, 돋움, Dotum, sans-serif; font-size: 14px; letter-spacing: -1px;"><span style="color: rgb(85, 85, 85); font-family: &quot;Malgun Gothic&quot;, 맑은고딕, 돋움, Dotum, sans-serif; font-size: 14px; letter-spacing: -1px;">집, 회사만 왔다갔다 하기에도 바쁜데 학원은 부담스러워서 실무영어 과정을 들었고,</span><br style="color: rgb(85, 85, 85); font-family: &quot;Malgun Gothic&quot;, 맑은고딕, 돋움, Dotum, sans-serif; font-size: 14px; letter-spacing: -1px;"><span style="color: rgb(85, 85, 85); font-family: &quot;Malgun Gothic&quot;, 맑은고딕, 돋움, Dotum, sans-serif; font-size: 14px; letter-spacing: -1px;">지금은 미팅할 때 100%까지는 아니지만 어느정도는 알아들을 수 있네요.</span><br style="color: rgb(85, 85, 85); font-family: &quot;Malgun Gothic&quot;, 맑은고딕, 돋움, Dotum, sans-serif; font-size: 14px; letter-spacing: -1px;"><span style="color: rgb(85, 85, 85); font-family: &quot;Malgun Gothic&quot;, 맑은고딕, 돋움, Dotum, sans-serif; font-size: 14px; letter-spacing: -1px;">다른 과정도 틈틈히 들으면 나중에는 선배님 도움 없어도 미팅에 큰 어려움은 없을 듯!!!</span><br style="color: rgb(85, 85, 85); font-family: &quot;Malgun Gothic&quot;, 맑은고딕, 돋움, Dotum, sans-serif; font-size: 14px; letter-spacing: -1px;"><span style="color: rgb(85, 85, 85); font-family: &quot;Malgun Gothic&quot;, 맑은고딕, 돋움, Dotum, sans-serif; font-size: 14px; letter-spacing: -1px;">영어 수업이야 다른 과정도 많겠지만...</span><br style="color: rgb(85, 85, 85); font-family: &quot;Malgun Gothic&quot;, 맑은고딕, 돋움, Dotum, sans-serif; font-size: 14px; letter-spacing: -1px;"><span style="color: rgb(85, 85, 85); font-family: &quot;Malgun Gothic&quot;, 맑은고딕, 돋움, Dotum, sans-serif; font-size: 14px; letter-spacing: -1px;">미생강의처럼 실무와 직접적으로 연관되어서 단기간에 실용적으로 써먹을 수 있는 강의는 별로 없을 것 같네요.</span><br style="color: rgb(85, 85, 85); font-family: &quot;Malgun Gothic&quot;, 맑은고딕, 돋움, Dotum, sans-serif; font-size: 14px; letter-spacing: -1px;"><span style="color: rgb(85, 85, 85); font-family: &quot;Malgun Gothic&quot;, 맑은고딕, 돋움, Dotum, sans-serif; font-size: 14px; letter-spacing: -1px;">무엇보다도 강의 분위기가 무겁지 않고 가볍게 볼 수 있으면서도 효과도 볼 수 있어서 좋았습니다.</span>                            <p><br></p>', 0, null, 'hackers', '해커스', '', '', '2021-02-23 23:53:28');
INSERT INTO BOARD (F_CATEGORY_ID, F_CATEGORY, F_LECTURE, F_TITLE, F_GRADE, F_CONTENTS, F_COUNT, F_BEST, F_ID, F_NAME, F_ATTACH_FILE_ORI, F_ATTACH_FILE_CRYPTO, F_REG_TIME) VALUES ('3', '일반직무', '이기는 광고전략의 핵심포인트', '대화의 중요성에 대해서...', '3', '<p style="color: rgb(85, 85, 85); font-family: &quot;Malgun Gothic&quot;, 맑은고딕, 돋움, Dotum, sans-serif; font-size: 14px; letter-spacing: -1px;">강의를 보면서 대화하는 법에 대해 많이 배우고 갑니다.</p><p style="color: rgb(85, 85, 85); font-family: &quot;Malgun Gothic&quot;, 맑은고딕, 돋움, Dotum, sans-serif; font-size: 14px; letter-spacing: -1px;">요새 강의들은 그림도 들어가고 만화보듯 보여주네요..</p><p style="color: rgb(85, 85, 85); font-family: &quot;Malgun Gothic&quot;, 맑은고딕, 돋움, Dotum, sans-serif; font-size: 14px; letter-spacing: -1px;">시간이 아깝지 않은 강의였습니다.</p>                            <p><br></p>', 0, null, 'hackers', '해커스', '', '', '2021-02-23 23:53:50');
INSERT INTO BOARD (F_CATEGORY_ID, F_CATEGORY, F_LECTURE, F_TITLE, F_GRADE, F_CONTENTS, F_COUNT, F_BEST, F_ID, F_NAME, F_ATTACH_FILE_ORI, F_ATTACH_FILE_CRYPTO, F_REG_TIME) VALUES ('3', '일반직무', '실패없는 창업 성공 시크릿 가이드', '영업 현장에 도움될 내용들이 많네요.', '3', '<p style="color: rgb(85, 85, 85); font-family: &quot;Malgun Gothic&quot;, 맑은고딕, 돋움, Dotum, sans-serif; font-size: 14px; letter-spacing: -1px;">B2B 영업 직무 2년차입니다.</p><p style="color: rgb(85, 85, 85); font-family: &quot;Malgun Gothic&quot;, 맑은고딕, 돋움, Dotum, sans-serif; font-size: 14px; letter-spacing: -1px;">다른 직원들에 비해 매출이 없고 고민인 상황에서</p><p style="color: rgb(85, 85, 85); font-family: &quot;Malgun Gothic&quot;, 맑은고딕, 돋움, Dotum, sans-serif; font-size: 14px; letter-spacing: -1px;">배우는 심정으로 열심히 수강했습니다.</p><p style="color: rgb(85, 85, 85); font-family: &quot;Malgun Gothic&quot;, 맑은고딕, 돋움, Dotum, sans-serif; font-size: 14px; letter-spacing: -1px;">현장에서 듣는 강의는 시간낼 엄두도 안나고</p><p style="color: rgb(85, 85, 85); font-family: &quot;Malgun Gothic&quot;, 맑은고딕, 돋움, Dotum, sans-serif; font-size: 14px; letter-spacing: -1px;">몸도 피곤해서 인터넷으로 들었는데</p><p style="color: rgb(85, 85, 85); font-family: &quot;Malgun Gothic&quot;, 맑은고딕, 돋움, Dotum, sans-serif; font-size: 14px; letter-spacing: -1px;">내용이 꽤 유익합니다.</p><p style="color: rgb(85, 85, 85); font-family: &quot;Malgun Gothic&quot;, 맑은고딕, 돋움, Dotum, sans-serif; font-size: 14px; letter-spacing: -1px;">20강까지 듣는데 좀 버겁기도 했지만</p><p style="color: rgb(85, 85, 85); font-family: &quot;Malgun Gothic&quot;, 맑은고딕, 돋움, Dotum, sans-serif; font-size: 14px; letter-spacing: -1px;">확실히 다 듣고 나니</p><p style="color: rgb(85, 85, 85); font-family: &quot;Malgun Gothic&quot;, 맑은고딕, 돋움, Dotum, sans-serif; font-size: 14px; letter-spacing: -1px;">어떤 나만의 전략같은게 생긴 느낌일까요?</p><p style="color: rgb(85, 85, 85); font-family: &quot;Malgun Gothic&quot;, 맑은고딕, 돋움, Dotum, sans-serif; font-size: 14px; letter-spacing: -1px;">저같은 고민 있으신 분들은 추천합니다.</p>                            <p><br></p>', 0, null, 'hackers', '해커스', '', '', '2021-02-23 23:54:04');
INSERT INTO BOARD (F_CATEGORY_ID, F_CATEGORY, F_LECTURE, F_TITLE, F_GRADE, F_CONTENTS, F_COUNT, F_BEST, F_ID, F_NAME, F_ATTACH_FILE_ORI, F_ATTACH_FILE_CRYPTO, F_REG_TIME) VALUES ('3', '일반직무', '[OA국가공인자격] ITQ Master! OA기초부터 실무활용까지', '애니메이션으로 나오니까 재밌네요', '1', '<p style="color: rgb(85, 85, 85); font-family: &quot;Malgun Gothic&quot;, 맑은고딕, 돋움, Dotum, sans-serif; font-size: 14px; letter-spacing: -1px;">샘플강의 보고 재밌겠다 싶어서 수강한 과정인데, 재밌네요 ㅋㅋ</p><p style="color: rgb(85, 85, 85); font-family: &quot;Malgun Gothic&quot;, 맑은고딕, 돋움, Dotum, sans-serif; font-size: 14px; letter-spacing: -1px;">&nbsp;</p><p style="color: rgb(85, 85, 85); font-family: &quot;Malgun Gothic&quot;, 맑은고딕, 돋움, Dotum, sans-serif; font-size: 14px; letter-spacing: -1px;">마케팅을 좀 잘 하고 싶은데 일단 뭐라도 노력해봐야 겠다는 마음으로 듣게된 강의입니다.</p><p style="color: rgb(85, 85, 85); font-family: &quot;Malgun Gothic&quot;, 맑은고딕, 돋움, Dotum, sans-serif; font-size: 14px; letter-spacing: -1px;">&nbsp;</p><p style="color: rgb(85, 85, 85); font-family: &quot;Malgun Gothic&quot;, 맑은고딕, 돋움, Dotum, sans-serif; font-size: 14px; letter-spacing: -1px;">그냥 억지로 마케팅에 대한 이론을 배우기보다는</p><p style="color: rgb(85, 85, 85); font-family: &quot;Malgun Gothic&quot;, 맑은고딕, 돋움, Dotum, sans-serif; font-size: 14px; letter-spacing: -1px;">&nbsp;</p><p style="color: rgb(85, 85, 85); font-family: &quot;Malgun Gothic&quot;, 맑은고딕, 돋움, Dotum, sans-serif; font-size: 14px; letter-spacing: -1px;">애니메이션 형태로 재미있는 상황이 연출되니</p><p style="color: rgb(85, 85, 85); font-family: &quot;Malgun Gothic&quot;, 맑은고딕, 돋움, Dotum, sans-serif; font-size: 14px; letter-spacing: -1px;">&nbsp;</p><p style="color: rgb(85, 85, 85); font-family: &quot;Malgun Gothic&quot;, 맑은고딕, 돋움, Dotum, sans-serif; font-size: 14px; letter-spacing: -1px;">배우는 입장에서도 지루하지 않게 좋은 내용을 배우게 된 것 같아 좋았습니다!!</p><p style="color: rgb(85, 85, 85); font-family: &quot;Malgun Gothic&quot;, 맑은고딕, 돋움, Dotum, sans-serif; font-size: 14px; letter-spacing: -1px;">&nbsp;</p><p style="color: rgb(85, 85, 85); font-family: &quot;Malgun Gothic&quot;, 맑은고딕, 돋움, Dotum, sans-serif; font-size: 14px; letter-spacing: -1px;">이론적인 내용들도 다시 한 번 공부해보겠습니다.</p>                            <p><br></p>', 0, null, 'hackers', '해커스', '', '', '2021-02-23 23:54:32');
INSERT INTO BOARD (F_CATEGORY_ID, F_CATEGORY, F_LECTURE, F_TITLE, F_GRADE, F_CONTENTS, F_COUNT, F_BEST, F_ID, F_NAME, F_ATTACH_FILE_ORI, F_ATTACH_FILE_CRYPTO, F_REG_TIME) VALUES ('4', '산업직무', '해외 건설계약 및 클레임해결실무', '업무능력을 한단계 키울 수 있는 강의', '2', '<p style="color: rgb(85, 85, 85); font-family: &quot;Malgun Gothic&quot;, 맑은고딕, 돋움, Dotum, sans-serif; font-size: 14px; letter-spacing: -1px;">원래는 딱히 들을 과정이 없어서 신청했는데 잘 신청한 것 같아요 ㅎㅎ</p><p style="color: rgb(85, 85, 85); font-family: &quot;Malgun Gothic&quot;, 맑은고딕, 돋움, Dotum, sans-serif; font-size: 14px; letter-spacing: -1px;">한 가지 내용을 다루는 강의가 아니라서 실제 업무보면서 사용할 수 있는 다양한 스킬이랑 이론을 배울 수 있었고,</p><p style="color: rgb(85, 85, 85); font-family: &quot;Malgun Gothic&quot;, 맑은고딕, 돋움, Dotum, sans-serif; font-size: 14px; letter-spacing: -1px;">전체적으로 써먹을 수 있는 부분이 많아서 너무 좋네요 ㅎㅎ</p><p style="color: rgb(85, 85, 85); font-family: &quot;Malgun Gothic&quot;, 맑은고딕, 돋움, Dotum, sans-serif; font-size: 14px; letter-spacing: -1px;">저는 평소에 고민하던 프레젠테이션 스킬부분이랑 비즈니스 문서작성 부분의 강의에서 도움을 받이 받았어요</p><p style="color: rgb(85, 85, 85); font-family: &quot;Malgun Gothic&quot;, 맑은고딕, 돋움, Dotum, sans-serif; font-size: 14px; letter-spacing: -1px;">특히 비즈니스 문서작성에서 배운 내용을 실무에서 바로 연습해보고 있는데 좋네요.</p><p style="color: rgb(85, 85, 85); font-family: &quot;Malgun Gothic&quot;, 맑은고딕, 돋움, Dotum, sans-serif; font-size: 14px; letter-spacing: -1px;">아직 갈 길은 멀었지만 업무능력을 한 단계 끌어올릴 수 있던 시간이 되었어요. 감사합니다.</p>                            <p><br></p>', 0, null, 'hackers', '해커스', '', '', '2021-02-23 23:55:13');
INSERT INTO BOARD (F_CATEGORY_ID, F_CATEGORY, F_LECTURE, F_TITLE, F_GRADE, F_CONTENTS, F_COUNT, F_BEST, F_ID, F_NAME, F_ATTACH_FILE_ORI, F_ATTACH_FILE_CRYPTO, F_REG_TIME) VALUES ('4', '산업직무', 'Build Up! 판례로 배우는 건설분쟁', 'Biz Skill Up! 나를 깨우는 커뮤니케이션 추천합니다.', '1', '<p style="color: rgb(85, 85, 85); font-family: &quot;Malgun Gothic&quot;, 맑은고딕, 돋움, Dotum, sans-serif; font-size: 14px; letter-spacing: -1px;">가끔 간단한 사내 커뮤니케이션에도 어려움을 느낄 때가 있어 강의를 수강하게 됬습니다.</p><p style="color: rgb(85, 85, 85); font-family: &quot;Malgun Gothic&quot;, 맑은고딕, 돋움, Dotum, sans-serif; font-size: 14px; letter-spacing: -1px;">&nbsp;</p><p style="color: rgb(85, 85, 85); font-family: &quot;Malgun Gothic&quot;, 맑은고딕, 돋움, Dotum, sans-serif; font-size: 14px; letter-spacing: -1px;">강의 구성이랑 선생님의 강의가 괜찮네요..</p><p style="color: rgb(85, 85, 85); font-family: &quot;Malgun Gothic&quot;, 맑은고딕, 돋움, Dotum, sans-serif; font-size: 14px; letter-spacing: -1px;">&nbsp;</p><p style="color: rgb(85, 85, 85); font-family: &quot;Malgun Gothic&quot;, 맑은고딕, 돋움, Dotum, sans-serif; font-size: 14px; letter-spacing: -1px;">특히 신입사원 분들이 미리 들으시면 입사해서 느끼는 커뮤니케이션 문제의 대부분은 해결 가능할 것 같네요.</p><p style="color: rgb(85, 85, 85); font-family: &quot;Malgun Gothic&quot;, 맑은고딕, 돋움, Dotum, sans-serif; font-size: 14px; letter-spacing: -1px;">&nbsp;</p><p style="color: rgb(85, 85, 85); font-family: &quot;Malgun Gothic&quot;, 맑은고딕, 돋움, Dotum, sans-serif; font-size: 14px; letter-spacing: -1px;">이제 상사나 동료 직원들과의 커뮤니케이션을 연습해보려고 합니다.</p><p style="color: rgb(85, 85, 85); font-family: &quot;Malgun Gothic&quot;, 맑은고딕, 돋움, Dotum, sans-serif; font-size: 14px; letter-spacing: -1px;">&nbsp;</p><p style="color: rgb(85, 85, 85); font-family: &quot;Malgun Gothic&quot;, 맑은고딕, 돋움, Dotum, sans-serif; font-size: 14px; letter-spacing: -1px;">강의 감사합니다~!.</p>                            <p><br></p>', 0, null, 'hackers', '해커스', '', '', '2021-02-23 23:55:31');
INSERT INTO BOARD (F_CATEGORY_ID, F_CATEGORY, F_LECTURE, F_TITLE, F_GRADE, F_CONTENTS, F_COUNT, F_BEST, F_ID, F_NAME, F_ATTACH_FILE_ORI, F_ATTACH_FILE_CRYPTO, F_REG_TIME) VALUES ('4', '산업직무', '랜섬웨어 예방 및 사이버 보안의 첫 걸음-전사원을 교육하라!', '비즈스킬업 시리즈 중 두번째로 수강한 강의..', '2', '<p style="color: rgb(85, 85, 85); font-family: &quot;Malgun Gothic&quot;, 맑은고딕, 돋움, Dotum, sans-serif; font-size: 14px; letter-spacing: -1px;">지금 막 시험을 마지고 수강후기를 씁니다..</p><p style="color: rgb(85, 85, 85); font-family: &quot;Malgun Gothic&quot;, 맑은고딕, 돋움, Dotum, sans-serif; font-size: 14px; letter-spacing: -1px;">&nbsp;</p><p style="color: rgb(85, 85, 85); font-family: &quot;Malgun Gothic&quot;, 맑은고딕, 돋움, Dotum, sans-serif; font-size: 14px; letter-spacing: -1px;">비즈스킬 업 시리즈 강의 중에서는 커뮤니케이션 강의를 처음 듣고 내용이 괜찮아서&nbsp;수강하게 됬습니다.</p><p style="color: rgb(85, 85, 85); font-family: &quot;Malgun Gothic&quot;, 맑은고딕, 돋움, Dotum, sans-serif; font-size: 14px; letter-spacing: -1px;">&nbsp;</p><p style="color: rgb(85, 85, 85); font-family: &quot;Malgun Gothic&quot;, 맑은고딕, 돋움, Dotum, sans-serif; font-size: 14px; letter-spacing: -1px;">커뮤니케이션 강의는 신입사원부터 대리급까지 도움이 되는 강의인 반면,</p><p style="color: rgb(85, 85, 85); font-family: &quot;Malgun Gothic&quot;, 맑은고딕, 돋움, Dotum, sans-serif; font-size: 14px; letter-spacing: -1px;">&nbsp;</p><p style="color: rgb(85, 85, 85); font-family: &quot;Malgun Gothic&quot;, 맑은고딕, 돋움, Dotum, sans-serif; font-size: 14px; letter-spacing: -1px;">이 강의는 예비팀장이나 초보팀장이 들으면 도움이 될 것 같네요.</p><p style="color: rgb(85, 85, 85); font-family: &quot;Malgun Gothic&quot;, 맑은고딕, 돋움, Dotum, sans-serif; font-size: 14px; letter-spacing: -1px;">&nbsp;</p><p style="color: rgb(85, 85, 85); font-family: &quot;Malgun Gothic&quot;, 맑은고딕, 돋움, Dotum, sans-serif; font-size: 14px; letter-spacing: -1px;">강의 구성 및 내용에 100% 만족합니다.</p><p style="color: rgb(85, 85, 85); font-family: &quot;Malgun Gothic&quot;, 맑은고딕, 돋움, Dotum, sans-serif; font-size: 14px; letter-spacing: -1px;">&nbsp;</p><p style="color: rgb(85, 85, 85); font-family: &quot;Malgun Gothic&quot;, 맑은고딕, 돋움, Dotum, sans-serif; font-size: 14px; letter-spacing: -1px;">후속강의 추천 받았으면 좋겠네요...</p>                            <p><br></p>', 0, null, 'hackers', '해커스', '', '', '2021-02-23 23:55:45');
INSERT INTO BOARD (F_CATEGORY_ID, F_CATEGORY, F_LECTURE, F_TITLE, F_GRADE, F_CONTENTS, F_COUNT, F_BEST, F_ID, F_NAME, F_ATTACH_FILE_ORI, F_ATTACH_FILE_CRYPTO, F_REG_TIME) VALUES ('4', '산업직무', '장기보상! 보험영업의 열쇠', '바로 조직 구성과 관리에 활용해볼 계획', '3', '<p style="color: rgb(85, 85, 85); font-family: &quot;Malgun Gothic&quot;, 맑은고딕, 돋움, Dotum, sans-serif; font-size: 14px; letter-spacing: -1px;">팀의 리더로써, 팀을 발전시킬수도, 후퇴시킬 수도 있는 상황에서, 제대로된 리더십을 발휘하는데 큰 도움이 되었습니다.</p><p style="color: rgb(85, 85, 85); font-family: &quot;Malgun Gothic&quot;, 맑은고딕, 돋움, Dotum, sans-serif; font-size: 14px; letter-spacing: -1px;">조직 패러다임에 대한 이해와 중요성을 배우고, 창조적 파괴에 대해 학습하면서 조직이 나아가야할 변화와 방향에 대해 깨달았습니다.&nbsp;</p><p style="color: rgb(85, 85, 85); font-family: &quot;Malgun Gothic&quot;, 맑은고딕, 돋움, Dotum, sans-serif; font-size: 14px; letter-spacing: -1px;">또한 창발적 리더의 행동원칙을 배우면서 구체적인 행동요령에 대해 익힐 수 있었습니다.</p><p style="color: rgb(85, 85, 85); font-family: &quot;Malgun Gothic&quot;, 맑은고딕, 돋움, Dotum, sans-serif; font-size: 14px; letter-spacing: -1px;">그렇게 해서 얻어지는 성과와 성공공식이 있다는 것을 배우게 되었고, 조직의 미래를 그릴수있게 되었습니다.</p><p style="color: rgb(85, 85, 85); font-family: &quot;Malgun Gothic&quot;, 맑은고딕, 돋움, Dotum, sans-serif; font-size: 14px; letter-spacing: -1px;">전체적으로 과정별로 구성이 매우 탄탄하게 되어있고 다양한 사례를 통해 이해하기 쉽게 설명하는 점이 매우 마음에 듭니다.&nbsp;</p><p style="color: rgb(85, 85, 85); font-family: &quot;Malgun Gothic&quot;, 맑은고딕, 돋움, Dotum, sans-serif; font-size: 14px; letter-spacing: -1px;">실질적으로 리더십에서 활용 가능한 지식 및 분석방법 등을 소개함과 동시에 과제를 통하여 리더십에 대해 분석하여봄으로써&nbsp;</p><p style="color: rgb(85, 85, 85); font-family: &quot;Malgun Gothic&quot;, 맑은고딕, 돋움, Dotum, sans-serif; font-size: 14px; letter-spacing: -1px;">머리로 이해한 것을 체화하는데에 도움이 되었습니다.&nbsp;</p>                            <p><br></p>', 0, null, 'hackers', '해커스', '', '', '2021-02-23 23:56:12');
INSERT INTO BOARD (F_CATEGORY_ID, F_CATEGORY, F_LECTURE, F_TITLE, F_GRADE, F_CONTENTS, F_COUNT, F_BEST, F_ID, F_NAME, F_ATTACH_FILE_ORI, F_ATTACH_FILE_CRYPTO, F_REG_TIME) VALUES ('4', '산업직무', '랜섬웨어 예방 및 사이버 보안의 첫 걸음-전사원을 교육하라!', '함께 고민하는 cs인에게 추천하고 싶은 과정', '3', '<p style="color: rgb(85, 85, 85); font-family: &quot;Malgun Gothic&quot;, 맑은고딕, 돋움, Dotum, sans-serif; font-size: 14px; letter-spacing: -1px;">감정노동자라는 개념조차도 생소한 상태에서 학습을 시작했는데, 학습을 끝낼때 쯤..고객으로 인해 망가진 제 마음에 한줄기 빛이 들어오는 것 같았습니다.</p><p style="color: rgb(85, 85, 85); font-family: &quot;Malgun Gothic&quot;, 맑은고딕, 돋움, Dotum, sans-serif; font-size: 14px; letter-spacing: -1px;">현대 자본주의사회에서 감정노동자들이 왜 생기게 되었는지 알게 되었고, 지나친 과잉존대말로 인해 한글파괴가 이루어진 것에 대해 안타까움이 들었습니다.</p><p style="color: rgb(85, 85, 85); font-family: &quot;Malgun Gothic&quot;, 맑은고딕, 돋움, Dotum, sans-serif; font-size: 14px; letter-spacing: -1px;">감정노동자들의 정신적 피해에 대해 잘 알게 되었고 그 대응법도 익힐 수 있었습니다. 자신이 먼저 정신적으로 건강해져야 제대로 된 서비스를 할 수 있다는 것을 깨달았습니다.</p><p style="color: rgb(85, 85, 85); font-family: &quot;Malgun Gothic&quot;, 맑은고딕, 돋움, Dotum, sans-serif; font-size: 14px; letter-spacing: -1px;">전체적으로 과정별로 구성이 매우 탄탄하게 되어있고 다양한 사례를 통해 이해하기 쉽게 설명하는 점이 매우 마음에 듭니다.&nbsp;</p><p style="color: rgb(85, 85, 85); font-family: &quot;Malgun Gothic&quot;, 맑은고딕, 돋움, Dotum, sans-serif; font-size: 14px; letter-spacing: -1px;">실질적으로 서비스 업무에서 활용 가능한 지식 및 분석방법 등을 소개함과 동시에 과제를 통하여 감정노동에 대해 분석하여봄으로써&nbsp;</p><p style="color: rgb(85, 85, 85); font-family: &quot;Malgun Gothic&quot;, 맑은고딕, 돋움, Dotum, sans-serif; font-size: 14px; letter-spacing: -1px;">머리로 이해한 것을 체화하는데에 도움이 되었습니다.&nbsp;</p>                            <p><br></p>', 0, null, 'hackers', '해커스', '', '', '2021-02-23 23:56:29');
INSERT INTO BOARD (F_CATEGORY_ID, F_CATEGORY, F_LECTURE, F_TITLE, F_GRADE, F_CONTENTS, F_COUNT, F_BEST, F_ID, F_NAME, F_ATTACH_FILE_ORI, F_ATTACH_FILE_CRYPTO, F_REG_TIME) VALUES ('4', '산업직무', 'Build Up! 판례로 배우는 건설분쟁', 'Biz Skill up! 나를 바꾸는 서비스코칭', '4', '<p style="color: rgb(85, 85, 85); font-family: &quot;Malgun Gothic&quot;, 맑은고딕, 돋움, Dotum, sans-serif; font-size: 14px; letter-spacing: -1px;">서비스업계에 종사하면서 고객을 대하는 일에 대해 어렵게만 느껴졌는데, 이 과정을 학습하면서 서비스 프로로 한발짝 나아가게 된것 같습니다.</p><p style="color: rgb(85, 85, 85); font-family: &quot;Malgun Gothic&quot;, 맑은고딕, 돋움, Dotum, sans-serif; font-size: 14px; letter-spacing: -1px;">디즈니랜드와 석봉토스트의 남다른 마인드,전략적 이미지의 효과 프로페셔널한 이미지 구축 전략,잡담의 기술, 마음을 열어주는 공감 기법, 내 편으로 만드는 칭찬 기법 등</p><p style="color: rgb(85, 85, 85); font-family: &quot;Malgun Gothic&quot;, 맑은고딕, 돋움, Dotum, sans-serif; font-size: 14px; letter-spacing: -1px;">적절한 사례를 통해 여러가기 기법들이 있다는 것을 배우고 현재 업무에 적용할수 있는 점이 많았습니다.</p><p style="color: rgb(85, 85, 85); font-family: &quot;Malgun Gothic&quot;, 맑은고딕, 돋움, Dotum, sans-serif; font-size: 14px; letter-spacing: -1px;">또한 고객의 감춰진 마음 읽기,고객의 보디랭귀지에 대한 대처방법에 대해 배우면서. 고객의 입장에서 상황을 파악하는 법도 익혔습니다.</p><p style="color: rgb(85, 85, 85); font-family: &quot;Malgun Gothic&quot;, 맑은고딕, 돋움, Dotum, sans-serif; font-size: 14px; letter-spacing: -1px;">공감적 경청, 공감적 대화를 배우면서 고객과 직원이 아닌 인간대 인간으로써 사람을 대하는 법을 배운 것도 참 좋았습니다.</p><p style="color: rgb(85, 85, 85); font-family: &quot;Malgun Gothic&quot;, 맑은고딕, 돋움, Dotum, sans-serif; font-size: 14px; letter-spacing: -1px;">단순히 서비스 수업이 아니라 인간내면을 꿰뚫어 보는 심리학 수업을 받은 느낌있었습니다.</p>                            <p><br></p>', 0, null, 'hackers', '해커스', '', '', '2021-02-23 23:56:44');
INSERT INTO BOARD (F_CATEGORY_ID, F_CATEGORY, F_LECTURE, F_TITLE, F_GRADE, F_CONTENTS, F_COUNT, F_BEST, F_ID, F_NAME, F_ATTACH_FILE_ORI, F_ATTACH_FILE_CRYPTO, F_REG_TIME) VALUES ('4', '산업직무', '해외 건설계약 및 클레임해결실무', '모든 업무를 마케팅적 사고로 진행한다면...', '3', '<p style="color: rgb(85, 85, 85); font-family: &quot;Malgun Gothic&quot;, 맑은고딕, 돋움, Dotum, sans-serif; font-size: 14px; letter-spacing: -1px;">어렵게만 느껴졌던 마케팅에 대해 재미있는 애니메이션으로 학습할 수 있어서 도움이 많이 되었습니다.</p><p style="color: rgb(85, 85, 85); font-family: &quot;Malgun Gothic&quot;, 맑은고딕, 돋움, Dotum, sans-serif; font-size: 14px; letter-spacing: -1px;">마케팅 개념의 변화,마케팅 마인드의 중요성 부터 마케팅의 활용방안까지 폭넓은 범위로 심층적인 내용을 다루었던 점이 좋았습니다.</p><p style="color: rgb(85, 85, 85); font-family: &quot;Malgun Gothic&quot;, 맑은고딕, 돋움, Dotum, sans-serif; font-size: 14px; letter-spacing: -1px;">또한, 과정별로 구성이 매우 탄탄하게 되어있고 다양한 사례를 통해 이해하기 쉽게 설명하는 점이 매우 마음에 듭니다.&nbsp;</p><p style="color: rgb(85, 85, 85); font-family: &quot;Malgun Gothic&quot;, 맑은고딕, 돋움, Dotum, sans-serif; font-size: 14px; letter-spacing: -1px;">실질적으로 업무에서 활용 가능한 지식 및 분석방법 등을 소개함과 동시에 과제를 통하여 마케팅을 직접 분석하여봄으로써&nbsp;</p><p style="color: rgb(85, 85, 85); font-family: &quot;Malgun Gothic&quot;, 맑은고딕, 돋움, Dotum, sans-serif; font-size: 14px; letter-spacing: -1px;">머리로 이해한 것을 체화하는데에 도움이 됩니다.&nbsp;</p><p style="color: rgb(85, 85, 85); font-family: &quot;Malgun Gothic&quot;, 맑은고딕, 돋움, Dotum, sans-serif; font-size: 14px; letter-spacing: -1px;">실제로 과제를 통하여 마케팅을 분석해 봄으로써 추상적으로만 생각했던 마케팅에 대해 냉정하게 파악하고 향후 대안점을 파익해볼 수 있었습니다.&nbsp;</p>                            <p><br></p>', 1, null, 'hackers', '해커스', 'cropped_714A1445.jfif', '21bc49fa0691d760233dbb94dda7cebb.jfif', '2021-02-23 23:57:22');
INSERT INTO BOARD (F_CATEGORY_ID, F_CATEGORY, F_LECTURE, F_TITLE, F_GRADE, F_CONTENTS, F_COUNT, F_BEST, F_ID, F_NAME, F_ATTACH_FILE_ORI, F_ATTACH_FILE_CRYPTO, F_REG_TIME) VALUES ('3', '일반직무', '[OA국가공인자격] ITQ Master! OA기초부터 실무활용까지', '감정을 다스리는 방법! :)', '3', '<span style="color: rgb(85, 85, 85); font-family: " malgun="" gothic",="" 맑은고딕,="" 돋움,="" dotum,="" sans-serif;="" font-size:="" 14px;="" letter-spacing:="" -1px;"="">감정노동에 대한 치유의 측면에서 접근하기보다는, 심리적 이론과 경제상황 변화에 따라 왜 감정노동이 발생하게 되었는지와</span><br style="color: rgb(85, 85, 85); font-family: " malgun="" gothic",="" 맑은고딕,="" 돋움,="" dotum,="" sans-serif;="" font-size:="" 14px;="" letter-spacing:="" -1px;"=""><span style="color: rgb(85, 85, 85); font-family: " malgun="" gothic",="" 맑은고딕,="" 돋움,="" dotum,="" sans-serif;="" font-size:="" 14px;="" letter-spacing:="" -1px;"="">고객의 심리를 어떻게 이해할 수 있는지에 초점을 맞춰 진행되는 강의입니다.</span><br style="color: rgb(85, 85, 85); font-family: " malgun="" gothic",="" 맑은고딕,="" 돋움,="" dotum,="" sans-serif;="" font-size:="" 14px;="" letter-spacing:="" -1px;"=""><span style="color: rgb(85, 85, 85); font-family: " malgun="" gothic",="" 맑은고딕,="" 돋움,="" dotum,="" sans-serif;="" font-size:="" 14px;="" letter-spacing:="" -1px;"="">서비스 교육을 이수한 다음 들으면 도움이 많이 될 것 같습니다.</span><br style="color: rgb(85, 85, 85); font-family: " malgun="" gothic",="" 맑은고딕,="" 돋움,="" dotum,="" sans-serif;="" font-size:="" 14px;="" letter-spacing:="" -1px;"=""><span style="color: rgb(85, 85, 85); font-family: " malgun="" gothic",="" 맑은고딕,="" 돋움,="" dotum,="" sans-serif;="" font-size:="" 14px;="" letter-spacing:="" -1px;"="">근래 혼자 고민하고 있는 문제들에 대해 다시 한번 생각할 수 있는 기회가 되어 좋았고 주변사함에게 꼭 추천해주고 싶은 강의입니다. :)</span><p><br></p>            <p><br></p>', 6, null, 'hackers', '해커스', '첨부파일.txt', '44617265e4eae86d69e47e368c2bd3cc.txt', '2021-02-23 23:57:42');

INSERT INTO CATEGORY (F_CATEGORY_ID, F_CATEGORY) VALUES ('1', '어학 및 자격증');
INSERT INTO CATEGORY (F_CATEGORY_ID, F_CATEGORY) VALUES ('2', '공통역량');
INSERT INTO CATEGORY (F_CATEGORY_ID, F_CATEGORY) VALUES ('3', '일반직무');
INSERT INTO CATEGORY (F_CATEGORY_ID, F_CATEGORY) VALUES ('4', '산업직무');

INSERT INTO LECTURE (F_CATEGORY_ID, F_CATEGORY, F_LECTURE, F_INSTRUCTOR, F_LEARNING_TIME, F_LECTURE_COUNT, F_GRADE, F_ADMIN_ID, F_ADMIN_NAME, F_THUMBNAIL_ID, F_REG_TIME) VALUES ('1', '어학 및 자격증', '그래머 게이트웨이 인터미디엇', '모지연', 32, 32, '3', 'hackers', '해커스', '378d2669d57e4fa3319d42dba89f81bc', '2021-02-20 16:34:02');
INSERT INTO LECTURE (F_CATEGORY_ID, F_CATEGORY, F_LECTURE, F_INSTRUCTOR, F_LEARNING_TIME, F_LECTURE_COUNT, F_GRADE, F_ADMIN_ID, F_ADMIN_NAME, F_THUMBNAIL_ID, F_REG_TIME) VALUES ('1', '어학 및 자격증', 'AP News & Business', '연태흠', 20, 20, '1', 'hackers', '해커스', '789df80ba121d0ee075901159f0f7d19', '2021-02-20 16:34:02');
INSERT INTO LECTURE (F_CATEGORY_ID, F_CATEGORY, F_LECTURE, F_INSTRUCTOR, F_LEARNING_TIME, F_LECTURE_COUNT, F_GRADE, F_ADMIN_ID, F_ADMIN_NAME, F_THUMBNAIL_ID, F_REG_TIME) VALUES ('1', '어학 및 자격증', '해커스 Talk! 호텔 영어', '이수현', 20, 20, '2', 'hackers', '해커스', '000491c52a39467568eb4a5b616dd016', '2021-02-20 16:34:02');
INSERT INTO LECTURE (F_CATEGORY_ID, F_CATEGORY, F_LECTURE, F_INSTRUCTOR, F_LEARNING_TIME, F_LECTURE_COUNT, F_GRADE, F_ADMIN_ID, F_ADMIN_NAME, F_THUMBNAIL_ID, F_REG_TIME) VALUES ('1', '어학 및 자격증', '해커스 Talk! 2주 만에 끝내는 일본어 필수 문법', '임미숙', 30, 30, '2', 'hackers', '해커스', '33194d5ec732916f3c7dedb05bb3fe9b', '2021-02-20 16:34:02');
INSERT INTO LECTURE (F_CATEGORY_ID, F_CATEGORY, F_LECTURE, F_INSTRUCTOR, F_LEARNING_TIME, F_LECTURE_COUNT, F_GRADE, F_ADMIN_ID, F_ADMIN_NAME, F_THUMBNAIL_ID, F_REG_TIME) VALUES ('1', '어학 및 자격증', '해커스Talk! 왕초보 중국어', '오민경', 16, 16, '1', 'hackers', '해커스', 'fcd98d1901560fcf31f22d9824949551', '2021-02-20 16:34:02');
INSERT INTO LECTURE (F_CATEGORY_ID, F_CATEGORY, F_LECTURE, F_INSTRUCTOR, F_LEARNING_TIME, F_LECTURE_COUNT, F_GRADE, F_ADMIN_ID, F_ADMIN_NAME, F_THUMBNAIL_ID, F_REG_TIME) VALUES ('1', '어학 및 자격증', '해커스Talk! 기본어휘 중국어', '연승민', 30, 30, '1', 'hackers', '해커스', 'afce0353194d66dc2c74296fd229bbeb', '2021-02-20 16:34:02');
INSERT INTO LECTURE (F_CATEGORY_ID, F_CATEGORY, F_LECTURE, F_INSTRUCTOR, F_LEARNING_TIME, F_LECTURE_COUNT, F_GRADE, F_ADMIN_ID, F_ADMIN_NAME, F_THUMBNAIL_ID, F_REG_TIME) VALUES ('1', '어학 및 자격증', '[국가공인자격] ITQ 취득 대비(Excel 2010, PowerPoint 2010)', '남은정', 31, 31, '3', 'hackers', '해커스', '9511da249650b87a3162b6d0a1edc0e4', '2021-02-20 16:34:02');
INSERT INTO LECTURE (F_CATEGORY_ID, F_CATEGORY, F_LECTURE, F_INSTRUCTOR, F_LEARNING_TIME, F_LECTURE_COUNT, F_GRADE, F_ADMIN_ID, F_ADMIN_NAME, F_THUMBNAIL_ID, F_REG_TIME) VALUES ('2', '공통역량', '성과창출로 이어지는 대화의 기술 [조직 커뮤니케이션]', '김선경', 16, 16, '2', 'hackers', '해커스', 'dd2cc42643d30411f9663dfcfa3e371e', '2021-02-20 16:34:02');
INSERT INTO LECTURE (F_CATEGORY_ID, F_CATEGORY, F_LECTURE, F_INSTRUCTOR, F_LEARNING_TIME, F_LECTURE_COUNT, F_GRADE, F_ADMIN_ID, F_ADMIN_NAME, F_THUMBNAIL_ID, F_REG_TIME) VALUES ('2', '공통역량', '[직장생활백서] 관계가 어려운 당신에게', '정유미', 10, 10, '2', 'hackers', '해커스', '930248655699611e3a1d0b9ba2d025c8', '2021-02-20 16:34:02');
INSERT INTO LECTURE (F_CATEGORY_ID, F_CATEGORY, F_LECTURE, F_INSTRUCTOR, F_LEARNING_TIME, F_LECTURE_COUNT, F_GRADE, F_ADMIN_ID, F_ADMIN_NAME, F_THUMBNAIL_ID, F_REG_TIME) VALUES ('2', '공통역량', '신입사원 상식사전(일반)', '우용표', 30, 30, '1', 'hackers', '해커스', '1b0bae0a797529e7024a4551e0a48112', '2021-02-20 16:34:02');
INSERT INTO LECTURE (F_CATEGORY_ID, F_CATEGORY, F_LECTURE, F_INSTRUCTOR, F_LEARNING_TIME, F_LECTURE_COUNT, F_GRADE, F_ADMIN_ID, F_ADMIN_NAME, F_THUMBNAIL_ID, F_REG_TIME) VALUES ('2', '공통역량', '내 인생의 터닝포인트가 될 16가지 철학 이야기', '양수영', 16, 16, '2', 'hackers', '해커스', '1c3c7de841fd4763d715106af87fd303', '2021-02-20 16:34:02');
INSERT INTO LECTURE (F_CATEGORY_ID, F_CATEGORY, F_LECTURE, F_INSTRUCTOR, F_LEARNING_TIME, F_LECTURE_COUNT, F_GRADE, F_ADMIN_ID, F_ADMIN_NAME, F_THUMBNAIL_ID, F_REG_TIME) VALUES ('2', '공통역량', '개인정보 보호 교육', '이준화', 1, 2, '1', 'hackers', '해커스', '7ed752df04d145a817ea43b13869abbb', '2021-02-20 16:34:02');
INSERT INTO LECTURE (F_CATEGORY_ID, F_CATEGORY, F_LECTURE, F_INSTRUCTOR, F_LEARNING_TIME, F_LECTURE_COUNT, F_GRADE, F_ADMIN_ID, F_ADMIN_NAME, F_THUMBNAIL_ID, F_REG_TIME) VALUES ('2', '공통역량', '[대신읽어드립니다] 독서로 만나는 인문학', '강수경', 10, 10, '2', 'hackers', '해커스', '12d7b77ef5a7658923f523fd12ed7d06', '2021-02-20 16:34:02');
INSERT INTO LECTURE (F_CATEGORY_ID, F_CATEGORY, F_LECTURE, F_INSTRUCTOR, F_LEARNING_TIME, F_LECTURE_COUNT, F_GRADE, F_ADMIN_ID, F_ADMIN_NAME, F_THUMBNAIL_ID, F_REG_TIME) VALUES ('3', '일반직무', '왕초보도 따라하는 재테크 성공의 비밀', '유근용', 4, 8, '1', 'hackers', '해커스', '1fd56e9f1d26cd4903a51e2d790392d0', '2021-02-20 16:34:03');
INSERT INTO LECTURE (F_CATEGORY_ID, F_CATEGORY, F_LECTURE, F_INSTRUCTOR, F_LEARNING_TIME, F_LECTURE_COUNT, F_GRADE, F_ADMIN_ID, F_ADMIN_NAME, F_THUMBNAIL_ID, F_REG_TIME) VALUES ('3', '일반직무', '4차 산업혁명과 인사노무관리 이슈', '윤수황', 10, 10, '3', 'hackers', '해커스', 'fa18eef32575ccf9fee151eb9de14848', '2021-02-20 16:34:03');
INSERT INTO LECTURE (F_CATEGORY_ID, F_CATEGORY, F_LECTURE, F_INSTRUCTOR, F_LEARNING_TIME, F_LECTURE_COUNT, F_GRADE, F_ADMIN_ID, F_ADMIN_NAME, F_THUMBNAIL_ID, F_REG_TIME) VALUES ('3', '일반직무', '사례중심의 금융상품 마케팅 기획과 전략 Skill', '구기동', 16, 16, '4', 'hackers', '해커스', '6d01b09377ada92f9bcd5779f807f98a', '2021-02-20 16:34:03');
INSERT INTO LECTURE (F_CATEGORY_ID, F_CATEGORY, F_LECTURE, F_INSTRUCTOR, F_LEARNING_TIME, F_LECTURE_COUNT, F_GRADE, F_ADMIN_ID, F_ADMIN_NAME, F_THUMBNAIL_ID, F_REG_TIME) VALUES ('3', '일반직무', '알쏭달쏭 근로기준법 완전정복', '이금희', 17, 16, '3', 'hackers', '해커스', '547f36a92e28691b5eebce975f72be0c', '2021-02-20 16:34:03');
INSERT INTO LECTURE (F_CATEGORY_ID, F_CATEGORY, F_LECTURE, F_INSTRUCTOR, F_LEARNING_TIME, F_LECTURE_COUNT, F_GRADE, F_ADMIN_ID, F_ADMIN_NAME, F_THUMBNAIL_ID, F_REG_TIME) VALUES ('3', '일반직무', '디자인 CEO가 알려주는 포토샵 CC', '임화연', 18, 18, '4', 'hackers', '해커스', 'c8b57ad472f64aa8c853eb1e0d3537a1', '2021-02-20 16:34:03');
INSERT INTO LECTURE (F_CATEGORY_ID, F_CATEGORY, F_LECTURE, F_INSTRUCTOR, F_LEARNING_TIME, F_LECTURE_COUNT, F_GRADE, F_ADMIN_ID, F_ADMIN_NAME, F_THUMBNAIL_ID, F_REG_TIME) VALUES ('3', '일반직무', '영상제작PD가 알려주는 올인원 영상편집 [프리미어CC]', '정영한', 16, 16, '4', 'hackers', '해커스', '8a65bc363871055f011942b0d86301e3', '2021-02-20 16:34:03');
INSERT INTO LECTURE (F_CATEGORY_ID, F_CATEGORY, F_LECTURE, F_INSTRUCTOR, F_LEARNING_TIME, F_LECTURE_COUNT, F_GRADE, F_ADMIN_ID, F_ADMIN_NAME, F_THUMBNAIL_ID, F_REG_TIME) VALUES ('4', '산업직무', '해외 건설계약 및 클레임해결실무', '현학봉', 16, 16, '4', 'hackers', '해커스', 'fba153ac2c2da9cc77613e770cca01b5', '2021-02-20 16:34:03');
INSERT INTO LECTURE (F_CATEGORY_ID, F_CATEGORY, F_LECTURE, F_INSTRUCTOR, F_LEARNING_TIME, F_LECTURE_COUNT, F_GRADE, F_ADMIN_ID, F_ADMIN_NAME, F_THUMBNAIL_ID, F_REG_TIME) VALUES ('4', '산업직무', 'Build Up! 판례로 배우는 건설분쟁', '길기관', 16, 16, '4', 'hackers', '해커스', '8672020f29965064166d51813ae932ac', '2021-02-20 16:34:03');
INSERT INTO LECTURE (F_CATEGORY_ID, F_CATEGORY, F_LECTURE, F_INSTRUCTOR, F_LEARNING_TIME, F_LECTURE_COUNT, F_GRADE, F_ADMIN_ID, F_ADMIN_NAME, F_THUMBNAIL_ID, F_REG_TIME) VALUES ('4', '어학 및 자격증', '랜섬웨어 예방 및 사이버 보안의 첫 걸음-전사원을 교육하라!', '류지영', 16, 16, '5', 'jyryujiyoung', '류지영', 'e932c3afad56ca9bdfb4d29ae373cf0e', '2021-02-21 14:37:51');
INSERT INTO LECTURE (F_CATEGORY_ID, F_CATEGORY, F_LECTURE, F_INSTRUCTOR, F_LEARNING_TIME, F_LECTURE_COUNT, F_GRADE, F_ADMIN_ID, F_ADMIN_NAME, F_THUMBNAIL_ID, F_REG_TIME) VALUES ('4', '산업직무', '장기보상! 보험영업의 열쇠', '김상협', 16, 16, '3', 'hackers', '해커스', '420a7900d5c239df54548d9e0b0739f1', '2021-02-20 18:07:59');
INSERT INTO LECTURE (F_CATEGORY_ID, F_CATEGORY, F_LECTURE, F_INSTRUCTOR, F_LEARNING_TIME, F_LECTURE_COUNT, F_GRADE, F_ADMIN_ID, F_ADMIN_NAME, F_THUMBNAIL_ID, F_REG_TIME) VALUES ('1', '어학 및 자격증', '누구나 쉽게 배우는 왕초보 영어 STEP1', 'Mario Lee', 20, 20, '1', 'hackers', '해커스', '1b5cced527851748d9f9a201550e871a', '2021-02-20 18:09:42');
INSERT INTO LECTURE (F_CATEGORY_ID, F_CATEGORY, F_LECTURE, F_INSTRUCTOR, F_LEARNING_TIME, F_LECTURE_COUNT, F_GRADE, F_ADMIN_ID, F_ADMIN_NAME, F_THUMBNAIL_ID, F_REG_TIME) VALUES ('1', '어학 및 자격증', '누구나 쉽게 배우는 왕초보 영어 STEP2', 'Mario Lee', 20, 20, '1', 'hackers', '해커스', 'a7f0028551cf3ce62729204ddbdca59b', '2021-02-20 18:10:25');
INSERT INTO LECTURE (F_CATEGORY_ID, F_CATEGORY, F_LECTURE, F_INSTRUCTOR, F_LEARNING_TIME, F_LECTURE_COUNT, F_GRADE, F_ADMIN_ID, F_ADMIN_NAME, F_THUMBNAIL_ID, F_REG_TIME) VALUES ('1', '어학 및 자격증', '미생으로 배우는 비즈니스 영어 - 실무영어', '배준일', 16, 16, '1', 'hackers', '해커스', '0a6c306a09b888417e986d6ed44dc09e', '2021-02-20 18:12:26');
INSERT INTO LECTURE (F_CATEGORY_ID, F_CATEGORY, F_LECTURE, F_INSTRUCTOR, F_LEARNING_TIME, F_LECTURE_COUNT, F_GRADE, F_ADMIN_ID, F_ADMIN_NAME, F_THUMBNAIL_ID, F_REG_TIME) VALUES ('1', '어학 및 자격증', '미생으로 배우는 비즈니스 영어 - 일상회화', '류지영', 16, 16, '1', 'hackers', '해커스', 'c0c718bc309d04f4f2411a88ad79d2ba', '2021-02-20 18:11:45');
INSERT INTO LECTURE (F_CATEGORY_ID, F_CATEGORY, F_LECTURE, F_INSTRUCTOR, F_LEARNING_TIME, F_LECTURE_COUNT, F_GRADE, F_ADMIN_ID, F_ADMIN_NAME, F_THUMBNAIL_ID, F_REG_TIME) VALUES ('1', '어학 및 자격증', '미생으로 배우는 비즈니스 영어 - 회의/보고/발표하기', '배준일', 16, 16, '1', 'hackers', '해커스', 'd8dcbf01f2c37edb4492b2dd1fbfaaef', '2021-02-20 18:12:12');
INSERT INTO LECTURE (F_CATEGORY_ID, F_CATEGORY, F_LECTURE, F_INSTRUCTOR, F_LEARNING_TIME, F_LECTURE_COUNT, F_GRADE, F_ADMIN_ID, F_ADMIN_NAME, F_THUMBNAIL_ID, F_REG_TIME) VALUES ('1', '어학 및 자격증', '미생으로 배우는 비즈니스 영어 - 사교/인맥', '배준일', 20, 20, '1', 'hackers', '해커스', 'efa02f5e1ec9094018d9533da908cbc3', '2021-02-20 18:12:54');
INSERT INTO LECTURE (F_CATEGORY_ID, F_CATEGORY, F_LECTURE, F_INSTRUCTOR, F_LEARNING_TIME, F_LECTURE_COUNT, F_GRADE, F_ADMIN_ID, F_ADMIN_NAME, F_THUMBNAIL_ID, F_REG_TIME) VALUES ('2', '공통역량', '예술작품 2배 즐기기! 유럽미술관 속 명화 이야기', '박지훈', 5, 5, '2', 'hackers', '해커스', '332ed2d25e065dbd12cf84349e8fe877', '2021-02-20 18:15:58');
INSERT INTO LECTURE (F_CATEGORY_ID, F_CATEGORY, F_LECTURE, F_INSTRUCTOR, F_LEARNING_TIME, F_LECTURE_COUNT, F_GRADE, F_ADMIN_ID, F_ADMIN_NAME, F_THUMBNAIL_ID, F_REG_TIME) VALUES ('2', '공통역량', '월급쟁이 재테크 상식사전', '우용표', 30, 30, '2', 'hackers', '해커스', 'd903ef5414d740af39a9c77479999db6', '2021-02-20 18:16:51');
INSERT INTO LECTURE (F_CATEGORY_ID, F_CATEGORY, F_LECTURE, F_INSTRUCTOR, F_LEARNING_TIME, F_LECTURE_COUNT, F_GRADE, F_ADMIN_ID, F_ADMIN_NAME, F_THUMBNAIL_ID, F_REG_TIME) VALUES ('2', '공통역량', '[꿈꾸는 책방] 그림책이 들려주는 힐링-★올인원 패키지★', '이지현', 3, 3, '2', 'hackers', '해커스', '7ceab62bf8fcd23ae7bc96f7ebd5272a', '2021-02-20 18:17:13');
INSERT INTO LECTURE (F_CATEGORY_ID, F_CATEGORY, F_LECTURE, F_INSTRUCTOR, F_LEARNING_TIME, F_LECTURE_COUNT, F_GRADE, F_ADMIN_ID, F_ADMIN_NAME, F_THUMBNAIL_ID, F_REG_TIME) VALUES ('2', '공통역량', '[꿈꾸는 책방] 그림책이 들려주는 육아 힐링 라이프', '이지현', 1, 5, '1', 'hackers', '해커스', 'e7ac7f24081a3051877ae48f7e31a349', '2021-02-20 18:17:38');
INSERT INTO LECTURE (F_CATEGORY_ID, F_CATEGORY, F_LECTURE, F_INSTRUCTOR, F_LEARNING_TIME, F_LECTURE_COUNT, F_GRADE, F_ADMIN_ID, F_ADMIN_NAME, F_THUMBNAIL_ID, F_REG_TIME) VALUES ('2', '공통역량', '[꿈꾸는 책방] 그림책이 들려주는 직장인 힐링 라이프', '이지현', 1, 5, '1', 'hackers', '해커스', '0823e5d5b355c3ad72285ccb1d8cc2dc', '2021-02-20 18:18:05');
INSERT INTO LECTURE (F_CATEGORY_ID, F_CATEGORY, F_LECTURE, F_INSTRUCTOR, F_LEARNING_TIME, F_LECTURE_COUNT, F_GRADE, F_ADMIN_ID, F_ADMIN_NAME, F_THUMBNAIL_ID, F_REG_TIME) VALUES ('2', '공통역량', '[꿈꾸는 책방] 그림책이 들려주는 힐링 라이프', '이지현', 1, 5, '1', 'hackers', '해커스', 'c751c8c471bb7ea184a2761b5a315294', '2021-02-20 18:18:28');
INSERT INTO LECTURE (F_CATEGORY_ID, F_CATEGORY, F_LECTURE, F_INSTRUCTOR, F_LEARNING_TIME, F_LECTURE_COUNT, F_GRADE, F_ADMIN_ID, F_ADMIN_NAME, F_THUMBNAIL_ID, F_REG_TIME) VALUES ('2', '공통역량', '직장인 힐링 클래스: 나에게 선물하는 클래식 테라피', '임하나', 8, 8, '2', 'hackers', '해커스', '2af6f7f96f1cce0de019acd35d69b7a7', '2021-02-20 18:19:02');
INSERT INTO LECTURE (F_CATEGORY_ID, F_CATEGORY, F_LECTURE, F_INSTRUCTOR, F_LEARNING_TIME, F_LECTURE_COUNT, F_GRADE, F_ADMIN_ID, F_ADMIN_NAME, F_THUMBNAIL_ID, F_REG_TIME) VALUES ('3', '일반직무', '우리 병원 차별화 전략! 병원CS의 모든 것', '정하린', 16, 16, '2', 'hackers', '해커스', 'cb21a29d804b5627a4f366fe3a9e0852', '2021-02-20 18:20:02');
INSERT INTO LECTURE (F_CATEGORY_ID, F_CATEGORY, F_LECTURE, F_INSTRUCTOR, F_LEARNING_TIME, F_LECTURE_COUNT, F_GRADE, F_ADMIN_ID, F_ADMIN_NAME, F_THUMBNAIL_ID, F_REG_TIME) VALUES ('3', '일반직무', '강성고객을 아이처럼 다스리는 CS 달인되기', '설지원', 17, 17, '3', 'hackers', '해커스', 'dc89da73622a60e1e3c3282753a49376', '2021-02-20 18:20:31');
INSERT INTO LECTURE (F_CATEGORY_ID, F_CATEGORY, F_LECTURE, F_INSTRUCTOR, F_LEARNING_TIME, F_LECTURE_COUNT, F_GRADE, F_ADMIN_ID, F_ADMIN_NAME, F_THUMBNAIL_ID, F_REG_TIME) VALUES ('3', '일반직무', '브랜드 가치를 높이는 호텔 직무 교육', '김혜리', 19, 19, '2', 'hackers', '해커스', '15544278c3e1aac8e5aa19ff5b845aeb', '2021-02-20 18:20:57');
INSERT INTO LECTURE (F_CATEGORY_ID, F_CATEGORY, F_LECTURE, F_INSTRUCTOR, F_LEARNING_TIME, F_LECTURE_COUNT, F_GRADE, F_ADMIN_ID, F_ADMIN_NAME, F_THUMBNAIL_ID, F_REG_TIME) VALUES ('3', '일반직무', '이기는 광고전략의 핵심포인트', '류지영', 26, 26, '3', 'hackers', '해커스', 'cdb7f58d549b482f9fefe8d34d8303f7', '2021-02-20 18:21:49');
INSERT INTO LECTURE (F_CATEGORY_ID, F_CATEGORY, F_LECTURE, F_INSTRUCTOR, F_LEARNING_TIME, F_LECTURE_COUNT, F_GRADE, F_ADMIN_ID, F_ADMIN_NAME, F_THUMBNAIL_ID, F_REG_TIME) VALUES ('3', '일반직무', '실패없는 창업 성공 시크릿 가이드', '강지훈', 5, 5, '3', 'jyryujiyoung', '류지영', 'b835d7bc5bbc7d76d7af213db1886ebf', '2021-02-21 14:45:55');
INSERT INTO LECTURE (F_CATEGORY_ID, F_CATEGORY, F_LECTURE, F_INSTRUCTOR, F_LEARNING_TIME, F_LECTURE_COUNT, F_GRADE, F_ADMIN_ID, F_ADMIN_NAME, F_THUMBNAIL_ID, F_REG_TIME) VALUES ('3', '일반직무', '[OA국가공인자격] ITQ Master! OA기초부터 실무활용까지', '이지현', 50, 50, '4', 'jyryujiyoung', '류지영', 'c434aa9d7f82be0e2d590c2c4a9457b2', '2021-02-21 15:05:40');
INSERT INTO LECTURE (F_CATEGORY_ID, F_CATEGORY, F_LECTURE, F_INSTRUCTOR, F_LEARNING_TIME, F_LECTURE_COUNT, F_GRADE, F_ADMIN_ID, F_ADMIN_NAME, F_THUMBNAIL_ID, F_REG_TIME) VALUES ('1', '어학 및 자격증', '그래머 게이트웨이 인터미디엇', '배준일', 12, 12, '5', 'jyryujiyoung', '류지영', '8c63cb40fc224efc30bb9822ab080c76', '2021-02-21 14:54:43');
INSERT INTO LECTURE (F_CATEGORY_ID, F_CATEGORY, F_LECTURE, F_INSTRUCTOR, F_LEARNING_TIME, F_LECTURE_COUNT, F_GRADE, F_ADMIN_ID, F_ADMIN_NAME, F_THUMBNAIL_ID, F_REG_TIME) VALUES ('1', '어학 및 자격증', '해커스 Talk! Medical English 고급', '해커스', 30, 30, '5', 'hackers', '해커스', '5698a4f7344fc1492a3de680d3b129d2', '2021-02-23 23:33:01');

INSERT INTO MEMBER (F_NAME, F_ID, F_PASSWORD, F_EMAIL, F_MOBILE, F_TEL, F_ZIPCODE, F_ADDRESS, F_ADDRESS_DETAIL, F_MOBILE_AGREE, F_EMAIL_AGREE, F_BIRTHDAY, F_AUTHORITY) VALUES ('해커스', 'hackers', 'IWQ9mtRqKrW8sH237F9pPuf8X+yFCwy/lSj+f/GIwnI=', 'hackers@hackers.com', '01093789025', '025663700', '06616', '서울 서초구 강남대로61길 23 (현대성우주상복합아파트)', '해커스 교육그룹 본사', 'Y', 'Y', '20001130', '0');
INSERT INTO MEMBER (F_NAME, F_ID, F_PASSWORD, F_EMAIL, F_MOBILE, F_TEL, F_ZIPCODE, F_ADDRESS, F_ADDRESS_DETAIL, F_MOBILE_AGREE, F_EMAIL_AGREE, F_BIRTHDAY, F_AUTHORITY) VALUES ('테스트', 'test01', 'IWQ9mtRqKrW8sH237F9pPuf8X+yFCwy/lSj+f/GIwnI=', 'test01@hackers.com', '01093789025', '025663700', '06616', '서울 서초구 강남대로61길 23 (현대성우주상복합아파트)', '해커스 교육그룹 본사', 'Y', 'Y', '19500101', '1');

INSERT INTO THUMBNAIL (F_THUMBNAIL_ID, F_THUMBNAIL_NAME_ORI, F_THUMBNAIL_NAME_CRYPTO, F_REG_TIME) VALUES ('000491c52a39467568eb4a5b616dd016', '168431621_pjEmKSbn_eng.jfif', 'b6da11f22e73414060913d036b7c8c71.jfif', '2021-02-20 09:02:07');
INSERT INTO THUMBNAIL (F_THUMBNAIL_ID, F_THUMBNAIL_NAME_ORI, F_THUMBNAIL_NAME_CRYPTO, F_REG_TIME) VALUES ('0823e5d5b355c3ad72285ccb1d8cc2dc', '168431688_cGQX4Ap3_5BEABF88EABEB8EB8A94_ECB185EBB0A95D_EAB7B8EBA6BCECB185EC9DB4_EB93A4EBA0A4ECA3BCEB8A94_ECA781EC9EA5EC9DB8_ED9E90EBA781_EB9DBCEC9DB4ED9484_EC98A4ED8380EC8898ECA095.jpg', '10ca083c5d9aaae4b49225312ab9e751.jpg', '2021-02-20 18:18:05');
INSERT INTO THUMBNAIL (F_THUMBNAIL_ID, F_THUMBNAIL_NAME_ORI, F_THUMBNAIL_NAME_CRYPTO, F_REG_TIME) VALUES ('0a6c306a09b888417e986d6ed44dc09e', '168429146_6UQ8zLsA_EBAFB8EC839DEC9881EC96B4EC8BA4EBACB4EC9DBCEBB098.png', '7c6cfd671b3d2e595eafdce7900f1772.png', '2021-02-20 18:11:13');
INSERT INTO THUMBNAIL (F_THUMBNAIL_ID, F_THUMBNAIL_NAME_ORI, F_THUMBNAIL_NAME_CRYPTO, F_REG_TIME) VALUES ('12d7b77ef5a7658923f523fd12ed7d06', '168431688_NzXb4wIM_EB8F85EC849CEC9DB8EBACB8ED9599_EC8DB8EB84A4EC9DBC_EC8B9CEC95882.jpg', '961fdce6e7b87963e5838a60e519d358.jpg', '2021-02-20 09:12:43');
INSERT INTO THUMBNAIL (F_THUMBNAIL_ID, F_THUMBNAIL_NAME_ORI, F_THUMBNAIL_NAME_CRYPTO, F_REG_TIME) VALUES ('15544278c3e1aac8e5aa19ff5b845aeb', '168431694_Wk0XprBD_EBB88CEB9E9CEB939C_EAB080ECB998EBA5BC_EB8692EC9DB4EB8A94_ED98B8ED8594_ECA781EBACB4_EAB590EC9CA1.jpg', 'c5cba3a7467cd22fd14c2ec11376eadf.jpg', '2021-02-20 18:20:57');
INSERT INTO THUMBNAIL (F_THUMBNAIL_ID, F_THUMBNAIL_NAME_ORI, F_THUMBNAIL_NAME_CRYPTO, F_REG_TIME) VALUES ('1b0bae0a797529e7024a4551e0a48112', '168431688_MGJWK2Ui_EC8BA0EC9E85EC82ACEC9B90EC8381EC8B9DEC82ACECA084.jpg', 'a98f02d14054f311e3c6f2d82b145716.jpg', '2021-02-20 09:07:24');
INSERT INTO THUMBNAIL (F_THUMBNAIL_ID, F_THUMBNAIL_NAME_ORI, F_THUMBNAIL_NAME_CRYPTO, F_REG_TIME) VALUES ('1b5cced527851748d9f9a201550e871a', '168429148_fPZdAWQF_EB8884EAB5ACEB8298_EC89BDEAB28C_EBB0B0EC9AB0EB8A94_EC9995ECB488EBB3B4_EC9881EC96B4_STEP1.jpg', 'ad0fa4e9ffd453ed8e749f5afa2e4b56.jpg', '2021-02-20 18:09:42');
INSERT INTO THUMBNAIL (F_THUMBNAIL_ID, F_THUMBNAIL_NAME_ORI, F_THUMBNAIL_NAME_CRYPTO, F_REG_TIME) VALUES ('1c3c7de841fd4763d715106af87fd303', '168431692_sdFMz8xv_ECB2A0ED9599EC8DB8EB84A4EC9DBC_2.jpg', '24d4b60b10b883b5b81a98db53945cc1.jpg', '2021-02-20 09:11:23');
INSERT INTO THUMBNAIL (F_THUMBNAIL_ID, F_THUMBNAIL_NAME_ORI, F_THUMBNAIL_NAME_CRYPTO, F_REG_TIME) VALUES ('1fd56e9f1d26cd4903a51e2d790392d0', '168429152_2EUZ7iGp_EC8DB8EB84A4EC9DBC_EC9995ECB488EBB3B4EBA5BC-EC9C84ED959C-EC9EACED858CED81AC-EAB095EC9D98_300-212.jpg', '84ff615a1af3956482d4d571120581e3.jpg', '2021-02-20 09:14:03');
INSERT INTO THUMBNAIL (F_THUMBNAIL_ID, F_THUMBNAIL_NAME_ORI, F_THUMBNAIL_NAME_CRYPTO, F_REG_TIME) VALUES ('2af6f7f96f1cce0de019acd35d69b7a7', '168431688_7fxzmoC6_ECA781EC9EA5EC9DB8_ED9E90EBA781_ED81B4EB9E98EC8AA4_EB8298EC9790EAB28C_EC84A0EBACBCED9598EB8A94_ED81B4EB9E98EC8B9D_ED858CEB9DBCED94BC.jpg', 'b3137efdc4056d8a4b7660ea8cae6284.jpg', '2021-02-20 18:19:02');
INSERT INTO THUMBNAIL (F_THUMBNAIL_ID, F_THUMBNAIL_NAME_ORI, F_THUMBNAIL_NAME_CRYPTO, F_REG_TIME) VALUES ('33194d5ec732916f3c7dedb05bb3fe9b', '168429148_kFXZirtE_ED95B4ECBBA4EC8AA4_Talk21_2ECA3BC_EBA78CEC9790_EB819DEB82B4EB8A94_EC9DBCEBB3B8EC96B4_ED9584EC8898_EBACB8EBB295.png', '36786750306479099cea76ccf1a34e68.png', '2021-02-20 09:03:14');
INSERT INTO THUMBNAIL (F_THUMBNAIL_ID, F_THUMBNAIL_NAME_ORI, F_THUMBNAIL_NAME_CRYPTO, F_REG_TIME) VALUES ('332ed2d25e065dbd12cf84349e8fe877', '168431693_KWY5HzbL_EBAFB8EC88A0EAB3BCECA095EC84ACEB84A4EC9DBC.png', '22e7ed66376a507f9f71b09c68ea34e0.png', '2021-02-20 18:15:58');
INSERT INTO THUMBNAIL (F_THUMBNAIL_ID, F_THUMBNAIL_NAME_ORI, F_THUMBNAIL_NAME_CRYPTO, F_REG_TIME) VALUES ('378d2669d57e4fa3319d42dba89f81bc', '168431621_Jezwfprt_EAB28CEC9DB4ED8AB8EC9BA8EC9DB4EC9DB8ED84B0EC9DBCEBB098.png', '64258a91e4ce0f923b831072b575a297.png', '2021-02-20 16:01:14');
INSERT INTO THUMBNAIL (F_THUMBNAIL_ID, F_THUMBNAIL_NAME_ORI, F_THUMBNAIL_NAME_CRYPTO, F_REG_TIME) VALUES ('382552e5fd311374eadb3ed865b1e7ba', 'hac.jpg', '03e99bdb92c3c1782edfb69930bb7e38.jpg', '2021-02-22 10:08:44');
INSERT INTO THUMBNAIL (F_THUMBNAIL_ID, F_THUMBNAIL_NAME_ORI, F_THUMBNAIL_NAME_CRYPTO, F_REG_TIME) VALUES ('420a7900d5c239df54548d9e0b0739f1', '168431694_dS9mt86Y_EC9EA5EAB8B0EBB3B4EC838121_EBB3B4ED9798EC9881EC9785EC9D98_EC97B4EC87A0_EC8898ECA095.jpg', 'ab76dfdde4720bf5b9417676453fe820.jpg', '2021-02-20 16:35:04');
INSERT INTO THUMBNAIL (F_THUMBNAIL_ID, F_THUMBNAIL_NAME_ORI, F_THUMBNAIL_NAME_CRYPTO, F_REG_TIME) VALUES ('547f36a92e28691b5eebce975f72be0c', '168431688_BSNDH5Tr_EC958CEC8FADEB8BACEC8FADEAB7BCEBA19CEAB8B0ECA480EBB295EC9984ECA084ECA095EBB3B5_EC82ACECA784EC8898ECA095.jpg', '6ab42da6d34c3c6eca867e1c77461900.jpg', '2021-02-20 09:16:21');
INSERT INTO THUMBNAIL (F_THUMBNAIL_ID, F_THUMBNAIL_NAME_ORI, F_THUMBNAIL_NAME_CRYPTO, F_REG_TIME) VALUES ('5698a4f7344fc1492a3de680d3b129d2', '168429148_felHXAwF_ED95B4ECBBA4EC8AA4_Talk21_Medical_English.png', '0f3a43ff3a0812c9f18ecb80ca3b2b64.png', '2021-02-23 23:31:16');
INSERT INTO THUMBNAIL (F_THUMBNAIL_ID, F_THUMBNAIL_NAME_ORI, F_THUMBNAIL_NAME_CRYPTO, F_REG_TIME) VALUES ('6d01b09377ada92f9bcd5779f807f98a', '168431672_AHPSzRBX_Y16M120010.jpg', 'd749c114df5ed9ae76c0d03abb780b00.jpg', '2021-02-20 09:15:28');
INSERT INTO THUMBNAIL (F_THUMBNAIL_ID, F_THUMBNAIL_NAME_ORI, F_THUMBNAIL_NAME_CRYPTO, F_REG_TIME) VALUES ('789df80ba121d0ee075901159f0f7d19', '168431621_Z1oLYCeT_APEB89B4EC8AA4EC9DBCEBB098.png', '06be40607d842ccf7933f4908d6e6cd6.png', '2021-02-20 09:00:38');
INSERT INTO THUMBNAIL (F_THUMBNAIL_ID, F_THUMBNAIL_NAME_ORI, F_THUMBNAIL_NAME_CRYPTO, F_REG_TIME) VALUES ('7ceab62bf8fcd23ae7bc96f7ebd5272a', '168431688_6p5l9OvI_5BEABF88EABEB8EB8A94_ECB185EBB0A95D_EAB7B8EBA6BCECB185EC9DB4_EB93A4EBA0A4ECA3BCEB8A94_ED9E90EBA781.jpg', 'c3a3af1a9b74bc84f8b34c20a44b91f1.jpg', '2021-02-20 18:17:13');
INSERT INTO THUMBNAIL (F_THUMBNAIL_ID, F_THUMBNAIL_NAME_ORI, F_THUMBNAIL_NAME_CRYPTO, F_REG_TIME) VALUES ('7ed752df04d145a817ea43b13869abbb', '168431693_PMVxvc50_EAB09CEC9DB8ECA095EBB3B4EBB3B4ED98B8_EC8DB8EB84A4EC9DBC.png', 'ccb381adc1fdbc09a050918a50c28c8c.png', '2021-02-20 09:12:01');
INSERT INTO THUMBNAIL (F_THUMBNAIL_ID, F_THUMBNAIL_NAME_ORI, F_THUMBNAIL_NAME_CRYPTO, F_REG_TIME) VALUES ('8672020f29965064166d51813ae932ac', '168429148_aRdc0TQO_EAB1B4EC84A4EBB684EC9F81.jpg', '4c23322042ebbc6d26622b03564e22f5.jpg', '2021-02-20 09:18:38');
INSERT INTO THUMBNAIL (F_THUMBNAIL_ID, F_THUMBNAIL_NAME_ORI, F_THUMBNAIL_NAME_CRYPTO, F_REG_TIME) VALUES ('8a65bc363871055f011942b0d86301e3', '168431692_4qGwzf3W_ED9484EBA6ACEBAFB8EC96B4_EC84ACEB84A4EC9DBC_28229.png', '633e4c9bb80511f86dfb5bf9c5a00700.png', '2021-02-20 09:17:29');
INSERT INTO THUMBNAIL (F_THUMBNAIL_ID, F_THUMBNAIL_NAME_ORI, F_THUMBNAIL_NAME_CRYPTO, F_REG_TIME) VALUES ('8c63cb40fc224efc30bb9822ab080c76', '168429148_ftNWYLGB_5BOAEAB5ADEAB080EAB3B5EC9DB8EC9E90EAB2A95D_ITQ_Master21_OAEAB8B0ECB488EBB680ED84B0_EC8BA4EBACB4ED999CEC9AA9EAB98CECA780.png', '9d0e49d3cc18e80dfd77c5ddae4246f2.png', '2021-02-21 14:54:43');
INSERT INTO THUMBNAIL (F_THUMBNAIL_ID, F_THUMBNAIL_NAME_ORI, F_THUMBNAIL_NAME_CRYPTO, F_REG_TIME) VALUES ('930248655699611e3a1d0b9ba2d025c8', '2887647280_njgAXlkp_ECA781EC9EA5EAB480EAB384_EC8DB8EB84A4EC9DBC.jpg', '744086c9fb02c664168120c339830e0a.jpg', '2021-02-20 09:06:56');
INSERT INTO THUMBNAIL (F_THUMBNAIL_ID, F_THUMBNAIL_NAME_ORI, F_THUMBNAIL_NAME_CRYPTO, F_REG_TIME) VALUES ('9511da249650b87a3162b6d0a1edc0e4', '168431646_rVWBMnfY_Y16M050009.jpg', 'fd7d71bd52ccfd55c018fb5ec4134feb.jpg', '2021-02-20 09:05:28');
INSERT INTO THUMBNAIL (F_THUMBNAIL_ID, F_THUMBNAIL_NAME_ORI, F_THUMBNAIL_NAME_CRYPTO, F_REG_TIME) VALUES ('a7f0028551cf3ce62729204ddbdca59b', '168431638_JQr8wuiB_Y16M080057.jpg', '30981e307380121e379308e296ed3d2a.jpg', '2021-02-20 18:10:25');
INSERT INTO THUMBNAIL (F_THUMBNAIL_ID, F_THUMBNAIL_NAME_ORI, F_THUMBNAIL_NAME_CRYPTO, F_REG_TIME) VALUES ('afce0353194d66dc2c74296fd229bbeb', '168429148_VcN24ouv_ED95B4ECBBA4EC8AA4Talk21_EAB8B0EBB3B8EC96B4ED9C98_ECA491EAB5ADEC96B4.png', 'e6f1eea54dd11265966775e9de3de5fa.png', '2021-02-20 09:04:34');
INSERT INTO THUMBNAIL (F_THUMBNAIL_ID, F_THUMBNAIL_NAME_ORI, F_THUMBNAIL_NAME_CRYPTO, F_REG_TIME) VALUES ('b835d7bc5bbc7d76d7af213db1886ebf', '168431690_yQtPXRNS_ECB0BDEC9785EC84B1EAB3B52BEC8DB8EB84A4EC9DBC.png', '8c1746a40679fca77db3e868b969db22.png', '2021-02-20 18:22:17');
INSERT INTO THUMBNAIL (F_THUMBNAIL_ID, F_THUMBNAIL_NAME_ORI, F_THUMBNAIL_NAME_CRYPTO, F_REG_TIME) VALUES ('c0c718bc309d04f4f2411a88ad79d2ba', '168429148_GlKHSp2h_EBAFB8EC839DEC9CBCEBA19C_EBB0B0EC9AB0EB8A94_EBB984ECA688EB8B88EC8AA4_EC9881EC96B4_-_EC9DBCEC8381ED9A8CED9994.png', '7b11c240c1022d8a8506bdea17c698fa.png', '2021-02-20 18:11:45');
INSERT INTO THUMBNAIL (F_THUMBNAIL_ID, F_THUMBNAIL_NAME_ORI, F_THUMBNAIL_NAME_CRYPTO, F_REG_TIME) VALUES ('c434aa9d7f82be0e2d590c2c4a9457b2', 'cropped_1.jpg', '6aac654cf175c5e8b508bafee7ee891e.jpg', '2021-02-21 15:05:40');
INSERT INTO THUMBNAIL (F_THUMBNAIL_ID, F_THUMBNAIL_NAME_ORI, F_THUMBNAIL_NAME_CRYPTO, F_REG_TIME) VALUES ('c751c8c471bb7ea184a2761b5a315294', '168431688_D0mNY2OZ_5BEABF88EABEB8EB8A94_ECB185EBB0A95D_EAB7B8EBA6BCECB185EC9DB4_EB93A4EBA0A4ECA3BCEB8A94_ED9E90EBA781_EB9DBCEC9DB4ED9484.jpg', '39656c6a7b62778d562ddba1728ece44.jpg', '2021-02-20 18:18:28');
INSERT INTO THUMBNAIL (F_THUMBNAIL_ID, F_THUMBNAIL_NAME_ORI, F_THUMBNAIL_NAME_CRYPTO, F_REG_TIME) VALUES ('c8b57ad472f64aa8c853eb1e0d3537a1', '168431688_Dya9XWVh_EB9494EC9E90EC9DB8CEOEAB080_EC958CEBA0A4ECA3BCEB8A94_ED8FACED86A0EC83B5CC.jpg', '68afe88099c2d62b7b1ba5b5a2177723.jpg', '2021-02-20 09:17:00');
INSERT INTO THUMBNAIL (F_THUMBNAIL_ID, F_THUMBNAIL_NAME_ORI, F_THUMBNAIL_NAME_CRYPTO, F_REG_TIME) VALUES ('cb21a29d804b5627a4f366fe3a9e0852', '168431688_thYc8ubV_EC9AB0EBA6AC_EBB391EC9B90_ECB0A8EBB384ED9994_ECA084EB9EB521_EBB391EC9B90CSEC9D98_EBAAA8EB93A0_EAB283.jpg', 'ca0a1da2fc440bbb548352dc05b80a35.jpg', '2021-02-20 18:20:02');
INSERT INTO THUMBNAIL (F_THUMBNAIL_ID, F_THUMBNAIL_NAME_ORI, F_THUMBNAIL_NAME_CRYPTO, F_REG_TIME) VALUES ('cdb7f58d549b482f9fefe8d34d8303f7', '168431652_5gij1KO4_Y16M110020.jpg', '0935a04cda26b44c66f02fa81ea2f476.jpg', '2021-02-20 18:21:49');
INSERT INTO THUMBNAIL (F_THUMBNAIL_ID, F_THUMBNAIL_NAME_ORI, F_THUMBNAIL_NAME_CRYPTO, F_REG_TIME) VALUES ('d3c62413b18ae90a7dd03cb33e9d226f', 'cropped_1.jpg', 'dd36407c46b3806649714c0d9c69af1e.jpg', '2021-02-21 14:52:46');
INSERT INTO THUMBNAIL (F_THUMBNAIL_ID, F_THUMBNAIL_NAME_ORI, F_THUMBNAIL_NAME_CRYPTO, F_REG_TIME) VALUES ('d8dcbf01f2c37edb4492b2dd1fbfaaef', '168429146_YNeuRgOA_EBAFB8EC839DEC9881EC96B4ED9A8CEC9D98EC9DBCEBB098.png', 'fefc0eadd80cf6302a9ba0949ec1e873.png', '2021-02-20 18:12:12');
INSERT INTO THUMBNAIL (F_THUMBNAIL_ID, F_THUMBNAIL_NAME_ORI, F_THUMBNAIL_NAME_CRYPTO, F_REG_TIME) VALUES ('d903ef5414d740af39a9c77479999db6', '168431688_sIPTlF6j_EC9B94EAB889EC9F81EC9DB4_EC9EACED858CED81AC_EC8381EC8B9DEC82ACECA08428EBB680ECA09CX_EC84B8ECA484EBB284ECA08429.jpg', 'd460dd3f0042a081ade7a9f69f336ef7.jpg', '2021-02-20 18:16:51');
INSERT INTO THUMBNAIL (F_THUMBNAIL_ID, F_THUMBNAIL_NAME_ORI, F_THUMBNAIL_NAME_CRYPTO, F_REG_TIME) VALUES ('dc89da73622a60e1e3c3282753a49376', '168431688_aAeUlrGc_EAB095EC84B1EAB3A0EAB09DEC9D84_EC9584EC9DB4ECB298EB9FBC_EB8BA4EC8AA4EBA6ACEB8A94_CS_EB8BACEC9DB8EB9098EAB8B0.jpg', 'a6214eb0978ebd9c7098209ce56cd7be.jpg', '2021-02-20 18:20:31');
INSERT INTO THUMBNAIL (F_THUMBNAIL_ID, F_THUMBNAIL_NAME_ORI, F_THUMBNAIL_NAME_CRYPTO, F_REG_TIME) VALUES ('dd2cc42643d30411f9663dfcfa3e371e', '168431688_kgIfsYoc_EC84B1EAB3BCECB0BDECB69CEBA19C_EC9DB4EC96B4ECA780EB8A94_EB8C80ED9994EC9D98_EAB8B0EC88A0_5BECA1B0ECA781ECBBA4EBAEA4EB8B88ECBC80EC9DB4EC85985D.jpg', '18874cd63e6e7e55f66b17076073b534.jpg', '2021-02-20 09:06:25');
INSERT INTO THUMBNAIL (F_THUMBNAIL_ID, F_THUMBNAIL_NAME_ORI, F_THUMBNAIL_NAME_CRYPTO, F_REG_TIME) VALUES ('e7ac7f24081a3051877ae48f7e31a349', '168431688_lOUipv17_5BEABF88EABEB8EB8A94_ECB185EBB0A95D_EAB7B8EBA6BCECB185EC9DB4_EB93A4EBA0A4ECA3BCEB8A94_EC9CA1EC9584_ED9E90EBA781_EB9DBCEC9DB4ED9484.jpg', 'f678323a70b990978905b94c1cb4a8b1.jpg', '2021-02-20 18:17:38');
INSERT INTO THUMBNAIL (F_THUMBNAIL_ID, F_THUMBNAIL_NAME_ORI, F_THUMBNAIL_NAME_CRYPTO, F_REG_TIME) VALUES ('e932c3afad56ca9bdfb4d29ae373cf0e', '168431728_gaAKCbNV_EB9E9CEC84ACEC9BA8EC96B42BEC9888EBB0A92BEBB08F2BEC82ACEC9DB4EBB2842BEBB3B4EC9588EC9D982BECB2AB2BEAB1B8EC9D8C.png', '1d30600bedb3b4f8c9def34ed33b8756.png', '2021-02-20 09:19:28');
INSERT INTO THUMBNAIL (F_THUMBNAIL_ID, F_THUMBNAIL_NAME_ORI, F_THUMBNAIL_NAME_CRYPTO, F_REG_TIME) VALUES ('efa02f5e1ec9094018d9533da908cbc3', '168431651_45KISxjh_EC8381EC84B8ED8E98EC9DB4ECA780_EC8DB8EB84A4EC9DBC_EBAFB8EC839D_EC82ACEAB590EC9DB8EBA7A5.png', '7056697de044d9815ce9cf7eba4e2014.png', '2021-02-20 18:12:54');
INSERT INTO THUMBNAIL (F_THUMBNAIL_ID, F_THUMBNAIL_NAME_ORI, F_THUMBNAIL_NAME_CRYPTO, F_REG_TIME) VALUES ('fa18eef32575ccf9fee151eb9de14848', '168431688_372Ezs1r_4ECB0A8EC82B0EC9785ED9881EBAA85EAB3BCEC9DB8EC82ACEB85B8EBACB4EAB480EBA6ACEC9DB4EC8A88.jpg', 'afa467fec28f44a38c057e83b2ae0d06.jpg', '2021-02-20 09:14:53');
INSERT INTO THUMBNAIL (F_THUMBNAIL_ID, F_THUMBNAIL_NAME_ORI, F_THUMBNAIL_NAME_CRYPTO, F_REG_TIME) VALUES ('fba153ac2c2da9cc77613e770cca01b5', '168431672_NbF3TDU8_ED95B4EC99B8_EAB1B4EC84A4EAB384EC95BD_EBB08F_ED81B4EBA088EC9E84ED95B4EAB2B0EC8BA4EBACB4.png', 'f9c213483c12e120bcf0f6afeec59b94.png', '2021-02-20 09:18:09');
INSERT INTO THUMBNAIL (F_THUMBNAIL_ID, F_THUMBNAIL_NAME_ORI, F_THUMBNAIL_NAME_CRYPTO, F_REG_TIME) VALUES ('fcd98d1901560fcf31f22d9824949551', '168429148_oc0V198K_ED95B4ECBBA4EC8AA4_Talk21_EC9995ECB488EBB3B4_ECA491EAB5ADEC96B4.png', 'a37b255df065fad537fc185f2f499301.png', '2021-02-20 09:04:09');





