CREATE DATABASE HACKERS;
USE HACKERS;

CREATE TABLE BOARD
(
    F_NUM int(10) auto_increment primary key,
    F_CATEGORY_ID varchar(128) null,
    F_CATEGORY varchar(128) null,
    F_LECTURE varchar(128) null,
    F_TITLE varchar(128) null,
    F_GRADE varchar(128) null,
    F_CONTENTS varchar(12800) null,
    F_COUNT int(10) default 0 null,
    F_BEST varchar(128) null,
    F_ID varchar(128) null,
    F_NAME varchar(128) null,
    F_ATTACH_FILE_ORI varchar(128) null,
    F_ATTACH_FILE_CRYPTO varchar(128) null,
    F_REG_TIME datetime null
);

CREATE TABLE CATEGORY
(
    F_CATEGORY_ID varchar(128) null,
    F_CATEGORY varchar(128) null
);

CREATE TABLE LECTURE
(
    F_NUM int(10) auto_increment primary key,
    F_CATEGORY_ID varchar(128) null,
    F_CATEGORY varchar(128) null,
    F_LECTURE varchar(128) null,
    F_INSTRUCTOR varchar(128) null,
    F_LEARNING_TIME int(10) null,
    F_LECTURE_COUNT int(10) null,
    F_GRADE varchar(128) null,
    F_ADMIN_ID varchar(128) null,
    F_ADMIN_NAME varchar(128) null,
    F_THUMBNAIL_ID varchar(128) null,
    F_REG_TIME datetime null
);

CREATE TABLE MEMBER
(
    F_NUM int(10) auto_increment primary key,
    F_NAME varchar(128) null,
    F_ID varchar(128) null,
    F_PASSWORD varchar(128) null,
    F_EMAIL varchar(128) null,
    F_MOBILE varchar(128) null,
    F_TEL varchar(128) null,
    F_ZIPCODE varchar(128) null,
    F_ADDRESS varchar(128) null,
    F_ADDRESS_DETAIL varchar(128) null,
    F_MOBILE_AGREE varchar(128) null,
    F_EMAIL_AGREE varchar(128) null,
    F_BIRTHDAY varchar(128) null,
    F_AUTHORITY varchar(128) null
);

CREATE TABLE THUMBNAIL
(
    F_THUMBNAIL_ID varchar(128) not null primary key,
    F_THUMBNAIL_NAME_ORI varchar(255) null,
    F_THUMBNAIL_NAME_CRYPTO varchar(255) null,
    F_REG_TIME timestamp default CURRENT_TIMESTAMP not null on update CURRENT_TIMESTAMP
);

INSERT INTO CATEGORY (F_CATEGORY_ID, F_CATEGORY) VALUES ('1', '어학 및 자격증');
INSERT INTO CATEGORY (F_CATEGORY_ID, F_CATEGORY) VALUES ('2', '공통역량');
INSERT INTO CATEGORY (F_CATEGORY_ID, F_CATEGORY) VALUES ('3', '일반직무');
INSERT INTO CATEGORY (F_CATEGORY_ID, F_CATEGORY) VALUES ('4', '산업직무');

INSERT INTO LECTURE (F_CATEGORY_ID, F_CATEGORY, F_LECTURE, F_INSTRUCTOR, F_LEARNING_TIME, F_LECTURE_COUNT, F_GRADE, F_ADMIN_ID, F_ADMIN_NAME, F_THUMBNAIL_ID, F_REG_TIME) VALUES ('1', '어학 및 자격증', '그래머 게이트웨이 인터미디엇', '모지연', 32, 32, '3', 'hackers', '해커스', '378d2669d57e4fa3319d42dba89f81bc', '2021-02-20 16:34:02');
INSERT INTO LECTURE (F_CATEGORY_ID, F_CATEGORY, F_LECTURE, F_INSTRUCTOR, F_LEARNING_TIME, F_LECTURE_COUNT, F_GRADE, F_ADMIN_ID, F_ADMIN_NAME, F_THUMBNAIL_ID, F_REG_TIME) VALUES ('1', '어학 및 자격증', 'AP News & Business', '연태흠', 20, 20, '1', 'hackers', '해커스', '789df80ba121d0ee075901159f0f7d19', '2021-02-20 16:34:02');
INSERT INTO LECTURE (F_CATEGORY_ID, F_CATEGORY, F_LECTURE, F_INSTRUCTOR, F_LEARNING_TIME, F_LECTURE_COUNT, F_GRADE, F_ADMIN_ID, F_ADMIN_NAME, F_THUMBNAIL_ID, F_REG_TIME) VALUES ('1', '어학 및 자격증', '해커스 Talk! 호텔 영어', '이수현', 20, 20, '2', 'hackers', '해커스', '000491c52a39467568eb4a5b616dd016', '2021-02-20 16:34:02');
INSERT INTO LECTURE (F_CATEGORY_ID, F_CATEGORY, F_LECTURE, F_INSTRUCTOR, F_LEARNING_TIME, F_LECTURE_COUNT, F_GRADE, F_ADMIN_ID, F_ADMIN_NAME, F_THUMBNAIL_ID, F_REG_TIME) VALUES ('1', '어학 및 자격증', '해커스 Talk! 2주 만에 끝내는 일본어 필수 문법', '임미숙', 30, 30, '2', 'hackers', '해커스', '33194d5ec732916f3c7dedb05bb3fe9b', '2021-02-20 16:34:02');
INSERT INTO LECTURE (F_CATEGORY_ID, F_CATEGORY, F_LECTURE, F_INSTRUCTOR, F_LEARNING_TIME, F_LECTURE_COUNT, F_GRADE, F_ADMIN_ID, F_ADMIN_NAME, F_THUMBNAIL_ID, F_REG_TIME) VALUES ('1', '어학 및 자격증', '해커스Talk! 왕초보 중국어', '오민경', 16, 16, '1', 'hackers', '해커스', 'fcd98d1901560fcf31f22d9824949551', '2021-02-20 16:34:02');
INSERT INTO LECTURE (F_CATEGORY_ID, F_CATEGORY, F_LECTURE, F_INSTRUCTOR, F_LEARNING_TIME, F_LECTURE_COUNT, F_GRADE, F_ADMIN_ID, F_ADMIN_NAME, F_THUMBNAIL_ID, F_REG_TIME) VALUES ('1', '어학 및 자격증', '해커스Talk! 기본어휘 중국어', '연승민', 30, 30, '1', 'hackers', '해커스', 'afce0353194d66dc2c74296fd229bbeb', '2021-02-20 16:34:02');
INSERT INTO LECTURE (F_CATEGORY_ID, F_CATEGORY, F_LECTURE, F_INSTRUCTOR, F_LEARNING_TIME, F_LECTURE_COUNT, F_GRADE, F_ADMIN_ID, F_ADMIN_NAME, F_THUMBNAIL_ID, F_REG_TIME) VALUES ('1', '어학 및 자격증', '[국가공인자격] ITQ 취득 대비(Excel 2010, PowerPoint 2010)', '남은정', 31, 31, '3', 'hackers', '해커스', '9511da249650b87a3162b6d0a1edc0e4', '2021-02-20 16:34:02');
INSERT INTO LECTURE (F_CATEGORY_ID, F_CATEGORY, F_LECTURE, F_INSTRUCTOR, F_LEARNING_TIME, F_LECTURE_COUNT, F_GRADE, F_ADMIN_ID, F_ADMIN_NAME, F_THUMBNAIL_ID, F_REG_TIME) VALUES ('2', '공통역량', '성과창출로 이어지는 대화의 기술 [조직 커뮤니케이션]', '김선경', 16, 16, '2', 'hackers', '해커스', 'dd2cc42643d30411f9663dfcfa3e371e', '2021-02-20 16:34:02');
INSERT INTO LECTURE (F_CATEGORY_ID, F_CATEGORY, F_LECTURE, F_INSTRUCTOR, F_LEARNING_TIME, F_LECTURE_COUNT, F_GRADE, F_ADMIN_ID, F_ADMIN_NAME, F_THUMBNAIL_ID, F_REG_TIME) VALUES ('2', '공통역량', '[직장생활백서] 관계가 어려운 당신에게', '정유미', 10, 10, '2', 'hackers', '해커스', '930248655699611e3a1d0b9ba2d025c8', '2021-02-20 16:34:02');
INSERT INTO LECTURE (F_CATEGORY_ID, F_CATEGORY, F_LECTURE, F_INSTRUCTOR, F_LEARNING_TIME, F_LECTURE_COUNT, F_GRADE, F_ADMIN_ID, F_ADMIN_NAME, F_THUMBNAIL_ID, F_REG_TIME) VALUES ('2', '공통역량', '신입사원 상식사전(일반)', '우용표', 30, 30, '1', 'hackers', '해커스', '1b0bae0a797529e7024a4551e0a48112', '2021-02-20 16:34:02');
INSERT INTO LECTURE (F_CATEGORY_ID, F_CATEGORY, F_LECTURE, F_INSTRUCTOR, F_LEARNING_TIME, F_LECTURE_COUNT, F_GRADE, F_ADMIN_ID, F_ADMIN_NAME, F_THUMBNAIL_ID, F_REG_TIME) VALUES ('2', '공통역량', '내 인생의 터닝포인트가 될 16가지 철학 이야기', '양수영', 16, 16, '2', 'hackers', '해커스', '1c3c7de841fd4763d715106af87fd303', '2021-02-20 16:34:02');
INSERT INTO LECTURE (F_CATEGORY_ID, F_CATEGORY, F_LECTURE, F_INSTRUCTOR, F_LEARNING_TIME, F_LECTURE_COUNT, F_GRADE, F_ADMIN_ID, F_ADMIN_NAME, F_THUMBNAIL_ID, F_REG_TIME) VALUES ('2', '공통역량', '개인정보 보호 교육', '이준화', 1, 2, '1', 'hackers', '해커스', '7ed752df04d145a817ea43b13869abbb', '2021-02-20 16:34:02');
INSERT INTO LECTURE (F_CATEGORY_ID, F_CATEGORY, F_LECTURE, F_INSTRUCTOR, F_LEARNING_TIME, F_LECTURE_COUNT, F_GRADE, F_ADMIN_ID, F_ADMIN_NAME, F_THUMBNAIL_ID, F_REG_TIME) VALUES ('2', '공통역량', '[대신읽어드립니다] 독서로 만나는 인문학', '강수경', 10, 10, '2', 'hackers', '해커스', '12d7b77ef5a7658923f523fd12ed7d06', '2021-02-20 16:34:02');
INSERT INTO LECTURE (F_CATEGORY_ID, F_CATEGORY, F_LECTURE, F_INSTRUCTOR, F_LEARNING_TIME, F_LECTURE_COUNT, F_GRADE, F_ADMIN_ID, F_ADMIN_NAME, F_THUMBNAIL_ID, F_REG_TIME) VALUES ('3', '일반직무', '왕초보도 따라하는 재테크 성공의 비밀', '유근용', 4, 8, '1', 'hackers', '해커스', '1fd56e9f1d26cd4903a51e2d790392d0', '2021-02-20 16:34:03');
INSERT INTO LECTURE (F_CATEGORY_ID, F_CATEGORY, F_LECTURE, F_INSTRUCTOR, F_LEARNING_TIME, F_LECTURE_COUNT, F_GRADE, F_ADMIN_ID, F_ADMIN_NAME, F_THUMBNAIL_ID, F_REG_TIME) VALUES ('3', '일반직무', '4차 산업혁명과 인사노무관리 이슈', '윤수황', 10, 10, '3', 'hackers', '해커스', 'fa18eef32575ccf9fee151eb9de14848', '2021-02-20 16:34:03');
INSERT INTO LECTURE (F_CATEGORY_ID, F_CATEGORY, F_LECTURE, F_INSTRUCTOR, F_LEARNING_TIME, F_LECTURE_COUNT, F_GRADE, F_ADMIN_ID, F_ADMIN_NAME, F_THUMBNAIL_ID, F_REG_TIME) VALUES ('3', '일반직무', '사례중심의 금융상품 마케팅 기획과 전략 Skill', '구기동', 16, 16, '4', 'hackers', '해커스', '6d01b09377ada92f9bcd5779f807f98a', '2021-02-20 16:34:03');
INSERT INTO LECTURE (F_CATEGORY_ID, F_CATEGORY, F_LECTURE, F_INSTRUCTOR, F_LEARNING_TIME, F_LECTURE_COUNT, F_GRADE, F_ADMIN_ID, F_ADMIN_NAME, F_THUMBNAIL_ID, F_REG_TIME) VALUES ('3', '일반직무', '알쏭달쏭 근로기준법 완전정복', '이금희', 17, 16, '3', 'hackers', '해커스', '547f36a92e28691b5eebce975f72be0c', '2021-02-20 16:34:03');
INSERT INTO LECTURE (F_CATEGORY_ID, F_CATEGORY, F_LECTURE, F_INSTRUCTOR, F_LEARNING_TIME, F_LECTURE_COUNT, F_GRADE, F_ADMIN_ID, F_ADMIN_NAME, F_THUMBNAIL_ID, F_REG_TIME) VALUES ('3', '일반직무', '디자인 CEO가 알려주는 포토샵 CC', '임화연', 18, 18, '4', 'hackers', '해커스', 'c8b57ad472f64aa8c853eb1e0d3537a1', '2021-02-20 16:34:03');
INSERT INTO LECTURE (F_CATEGORY_ID, F_CATEGORY, F_LECTURE, F_INSTRUCTOR, F_LEARNING_TIME, F_LECTURE_COUNT, F_GRADE, F_ADMIN_ID, F_ADMIN_NAME, F_THUMBNAIL_ID, F_REG_TIME) VALUES ('3', '일반직무', '영상제작PD가 알려주는 올인원 영상편집 [프리미어CC]', '정영한', 16, 16, '4', 'hackers', '해커스', '8a65bc363871055f011942b0d86301e3', '2021-02-20 16:34:03');
INSERT INTO LECTURE (F_CATEGORY_ID, F_CATEGORY, F_LECTURE, F_INSTRUCTOR, F_LEARNING_TIME, F_LECTURE_COUNT, F_GRADE, F_ADMIN_ID, F_ADMIN_NAME, F_THUMBNAIL_ID, F_REG_TIME) VALUES ('4', '산업직무', '해외 건설계약 및 클레임해결실무', '현학봉', 16, 16, '4', 'hackers', '해커스', 'fba153ac2c2da9cc77613e770cca01b5', '2021-02-20 16:34:03');
INSERT INTO LECTURE (F_CATEGORY_ID, F_CATEGORY, F_LECTURE, F_INSTRUCTOR, F_LEARNING_TIME, F_LECTURE_COUNT, F_GRADE, F_ADMIN_ID, F_ADMIN_NAME, F_THUMBNAIL_ID, F_REG_TIME) VALUES ('4', '산업직무', 'Build Up! 판례로 배우는 건설분쟁', '길기관', 16, 16, '4', 'hackers', '해커스', '8672020f29965064166d51813ae932ac', '2021-02-20 16:34:03');
INSERT INTO LECTURE (F_CATEGORY_ID, F_CATEGORY, F_LECTURE, F_INSTRUCTOR, F_LEARNING_TIME, F_LECTURE_COUNT, F_GRADE, F_ADMIN_ID, F_ADMIN_NAME, F_THUMBNAIL_ID, F_REG_TIME) VALUES ('4', '어학 및 자격증', '랜섬웨어 예방 및 사이버 보안의 첫 걸음-전사원을 교육하라!', '류지영', 16, 16, '5', 'jyryujiyoung', '류지영', 'e932c3afad56ca9bdfb4d29ae373cf0e', '2021-02-21 14:37:51');
INSERT INTO LECTURE (F_CATEGORY_ID, F_CATEGORY, F_LECTURE, F_INSTRUCTOR, F_LEARNING_TIME, F_LECTURE_COUNT, F_GRADE, F_ADMIN_ID, F_ADMIN_NAME, F_THUMBNAIL_ID, F_REG_TIME) VALUES ('4', '산업직무', '장기보상! 보험영업의 열쇠', '김상협', 16, 16, '3', 'hackers', '해커스', '420a7900d5c239df54548d9e0b0739f1', '2021-02-20 18:07:59');
INSERT INTO LECTURE (F_CATEGORY_ID, F_CATEGORY, F_LECTURE, F_INSTRUCTOR, F_LEARNING_TIME, F_LECTURE_COUNT, F_GRADE, F_ADMIN_ID, F_ADMIN_NAME, F_THUMBNAIL_ID, F_REG_TIME) VALUES ('1', '어학 및 자격증', '누구나 쉽게 배우는 왕초보 영어 STEP1', 'Mario Lee', 20, 20, '1', 'hackers', '해커스', '1b5cced527851748d9f9a201550e871a', '2021-02-20 18:09:42');
INSERT INTO LECTURE (F_CATEGORY_ID, F_CATEGORY, F_LECTURE, F_INSTRUCTOR, F_LEARNING_TIME, F_LECTURE_COUNT, F_GRADE, F_ADMIN_ID, F_ADMIN_NAME, F_THUMBNAIL_ID, F_REG_TIME) VALUES ('1', '어학 및 자격증', '누구나 쉽게 배우는 왕초보 영어 STEP2', 'Mario Lee', 20, 20, '1', 'hackers', '해커스', 'a7f0028551cf3ce62729204ddbdca59b', '2021-02-20 18:10:25');
INSERT INTO LECTURE (F_CATEGORY_ID, F_CATEGORY, F_LECTURE, F_INSTRUCTOR, F_LEARNING_TIME, F_LECTURE_COUNT, F_GRADE, F_ADMIN_ID, F_ADMIN_NAME, F_THUMBNAIL_ID, F_REG_TIME) VALUES ('1', '어학 및 자격증', '미생으로 배우는 비즈니스 영어 - 실무영어', '배준일', 16, 16, '1', 'hackers', '해커스', '0a6c306a09b888417e986d6ed44dc09e', '2021-02-20 18:12:26');
INSERT INTO LECTURE (F_CATEGORY_ID, F_CATEGORY, F_LECTURE, F_INSTRUCTOR, F_LEARNING_TIME, F_LECTURE_COUNT, F_GRADE, F_ADMIN_ID, F_ADMIN_NAME, F_THUMBNAIL_ID, F_REG_TIME) VALUES ('1', '어학 및 자격증', '미생으로 배우는 비즈니스 영어 - 일상회화', '류지영', 16, 16, '1', 'hackers', '해커스', 'c0c718bc309d04f4f2411a88ad79d2ba', '2021-02-20 18:11:45');
INSERT INTO LECTURE (F_CATEGORY_ID, F_CATEGORY, F_LECTURE, F_INSTRUCTOR, F_LEARNING_TIME, F_LECTURE_COUNT, F_GRADE, F_ADMIN_ID, F_ADMIN_NAME, F_THUMBNAIL_ID, F_REG_TIME) VALUES ('1', '어학 및 자격증', '미생으로 배우는 비즈니스 영어 - 회의/보고/발표하기', '배준일', 16, 16, '1', 'hackers', '해커스', 'd8dcbf01f2c37edb4492b2dd1fbfaaef', '2021-02-20 18:12:12');
INSERT INTO LECTURE (F_CATEGORY_ID, F_CATEGORY, F_LECTURE, F_INSTRUCTOR, F_LEARNING_TIME, F_LECTURE_COUNT, F_GRADE, F_ADMIN_ID, F_ADMIN_NAME, F_THUMBNAIL_ID, F_REG_TIME) VALUES ('1', '어학 및 자격증', '미생으로 배우는 비즈니스 영어 - 사교/인맥', '배준일', 20, 20, '1', 'hackers', '해커스', 'efa02f5e1ec9094018d9533da908cbc3', '2021-02-20 18:12:54');
INSERT INTO LECTURE (F_CATEGORY_ID, F_CATEGORY, F_LECTURE, F_INSTRUCTOR, F_LEARNING_TIME, F_LECTURE_COUNT, F_GRADE, F_ADMIN_ID, F_ADMIN_NAME, F_THUMBNAIL_ID, F_REG_TIME) VALUES ('2', '공통역량', '예술작품 2배 즐기기! 유럽미술관 속 명화 이야기', '박지훈', 5, 5, '2', 'hackers', '해커스', '332ed2d25e065dbd12cf84349e8fe877', '2021-02-20 18:15:58');
INSERT INTO LECTURE (F_CATEGORY_ID, F_CATEGORY, F_LECTURE, F_INSTRUCTOR, F_LEARNING_TIME, F_LECTURE_COUNT, F_GRADE, F_ADMIN_ID, F_ADMIN_NAME, F_THUMBNAIL_ID, F_REG_TIME) VALUES ('2', '공통역량', '월급쟁이 재테크 상식사전', '우용표', 30, 30, '2', 'hackers', '해커스', 'd903ef5414d740af39a9c77479999db6', '2021-02-20 18:16:51');
INSERT INTO LECTURE (F_CATEGORY_ID, F_CATEGORY, F_LECTURE, F_INSTRUCTOR, F_LEARNING_TIME, F_LECTURE_COUNT, F_GRADE, F_ADMIN_ID, F_ADMIN_NAME, F_THUMBNAIL_ID, F_REG_TIME) VALUES ('2', '공통역량', '[꿈꾸는 책방] 그림책이 들려주는 힐링-★올인원 패키지★', '이지현', 3, 3, '2', 'hackers', '해커스', '7ceab62bf8fcd23ae7bc96f7ebd5272a', '2021-02-20 18:17:13');
INSERT INTO LECTURE (F_CATEGORY_ID, F_CATEGORY, F_LECTURE, F_INSTRUCTOR, F_LEARNING_TIME, F_LECTURE_COUNT, F_GRADE, F_ADMIN_ID, F_ADMIN_NAME, F_THUMBNAIL_ID, F_REG_TIME) VALUES ('2', '공통역량', '[꿈꾸는 책방] 그림책이 들려주는 육아 힐링 라이프', '이지현', 1, 5, '1', 'hackers', '해커스', 'e7ac7f24081a3051877ae48f7e31a349', '2021-02-20 18:17:38');
INSERT INTO LECTURE (F_CATEGORY_ID, F_CATEGORY, F_LECTURE, F_INSTRUCTOR, F_LEARNING_TIME, F_LECTURE_COUNT, F_GRADE, F_ADMIN_ID, F_ADMIN_NAME, F_THUMBNAIL_ID, F_REG_TIME) VALUES ('2', '공통역량', '[꿈꾸는 책방] 그림책이 들려주는 직장인 힐링 라이프', '이지현', 1, 5, '1', 'hackers', '해커스', '0823e5d5b355c3ad72285ccb1d8cc2dc', '2021-02-20 18:18:05');
INSERT INTO LECTURE (F_CATEGORY_ID, F_CATEGORY, F_LECTURE, F_INSTRUCTOR, F_LEARNING_TIME, F_LECTURE_COUNT, F_GRADE, F_ADMIN_ID, F_ADMIN_NAME, F_THUMBNAIL_ID, F_REG_TIME) VALUES ('2', '공통역량', '[꿈꾸는 책방] 그림책이 들려주는 힐링 라이프', '이지현', 1, 5, '1', 'hackers', '해커스', 'c751c8c471bb7ea184a2761b5a315294', '2021-02-20 18:18:28');
INSERT INTO LECTURE (F_CATEGORY_ID, F_CATEGORY, F_LECTURE, F_INSTRUCTOR, F_LEARNING_TIME, F_LECTURE_COUNT, F_GRADE, F_ADMIN_ID, F_ADMIN_NAME, F_THUMBNAIL_ID, F_REG_TIME) VALUES ('2', '공통역량', '직장인 힐링 클래스: 나에게 선물하는 클래식 테라피', '임하나', 8, 8, '2', 'hackers', '해커스', '2af6f7f96f1cce0de019acd35d69b7a7', '2021-02-20 18:19:02');
INSERT INTO LECTURE (F_CATEGORY_ID, F_CATEGORY, F_LECTURE, F_INSTRUCTOR, F_LEARNING_TIME, F_LECTURE_COUNT, F_GRADE, F_ADMIN_ID, F_ADMIN_NAME, F_THUMBNAIL_ID, F_REG_TIME) VALUES ('3', '일반직무', '우리 병원 차별화 전략! 병원CS의 모든 것', '정하린', 16, 16, '2', 'hackers', '해커스', 'cb21a29d804b5627a4f366fe3a9e0852', '2021-02-20 18:20:02');
INSERT INTO LECTURE (F_CATEGORY_ID, F_CATEGORY, F_LECTURE, F_INSTRUCTOR, F_LEARNING_TIME, F_LECTURE_COUNT, F_GRADE, F_ADMIN_ID, F_ADMIN_NAME, F_THUMBNAIL_ID, F_REG_TIME) VALUES ('3', '일반직무', '강성고객을 아이처럼 다스리는 CS 달인되기', '설지원', 17, 17, '3', 'hackers', '해커스', 'dc89da73622a60e1e3c3282753a49376', '2021-02-20 18:20:31');
INSERT INTO LECTURE (F_CATEGORY_ID, F_CATEGORY, F_LECTURE, F_INSTRUCTOR, F_LEARNING_TIME, F_LECTURE_COUNT, F_GRADE, F_ADMIN_ID, F_ADMIN_NAME, F_THUMBNAIL_ID, F_REG_TIME) VALUES ('3', '일반직무', '브랜드 가치를 높이는 호텔 직무 교육', '김혜리', 19, 19, '2', 'hackers', '해커스', '15544278c3e1aac8e5aa19ff5b845aeb', '2021-02-20 18:20:57');
INSERT INTO LECTURE (F_CATEGORY_ID, F_CATEGORY, F_LECTURE, F_INSTRUCTOR, F_LEARNING_TIME, F_LECTURE_COUNT, F_GRADE, F_ADMIN_ID, F_ADMIN_NAME, F_THUMBNAIL_ID, F_REG_TIME) VALUES ('3', '일반직무', '이기는 광고전략의 핵심포인트', '류지영', 26, 26, '3', 'hackers', '해커스', 'cdb7f58d549b482f9fefe8d34d8303f7', '2021-02-20 18:21:49');
INSERT INTO LECTURE (F_CATEGORY_ID, F_CATEGORY, F_LECTURE, F_INSTRUCTOR, F_LEARNING_TIME, F_LECTURE_COUNT, F_GRADE, F_ADMIN_ID, F_ADMIN_NAME, F_THUMBNAIL_ID, F_REG_TIME) VALUES ('3', '일반직무', '실패없는 창업 성공 시크릿 가이드', '강지훈', 5, 5, '3', 'jyryujiyoung', '류지영', 'b835d7bc5bbc7d76d7af213db1886ebf', '2021-02-21 14:45:55');
INSERT INTO LECTURE (F_CATEGORY_ID, F_CATEGORY, F_LECTURE, F_INSTRUCTOR, F_LEARNING_TIME, F_LECTURE_COUNT, F_GRADE, F_ADMIN_ID, F_ADMIN_NAME, F_THUMBNAIL_ID, F_REG_TIME) VALUES ('3', '일반직무', '[OA국가공인자격] ITQ Master! OA기초부터 실무활용까지', '이지현', 50, 50, '4', 'jyryujiyoung', '류지영', 'c434aa9d7f82be0e2d590c2c4a9457b2', '2021-02-21 15:05:40');
INSERT INTO LECTURE (F_CATEGORY_ID, F_CATEGORY, F_LECTURE, F_INSTRUCTOR, F_LEARNING_TIME, F_LECTURE_COUNT, F_GRADE, F_ADMIN_ID, F_ADMIN_NAME, F_THUMBNAIL_ID, F_REG_TIME) VALUES ('1', '어학 및 자격증', '그래머 게이트웨이 인터미디엇', '배준일', 12, 12, '5', 'jyryujiyoung', '류지영', '8c63cb40fc224efc30bb9822ab080c76', '2021-02-21 14:54:43');
INSERT INTO LECTURE (F_CATEGORY_ID, F_CATEGORY, F_LECTURE, F_INSTRUCTOR, F_LEARNING_TIME, F_LECTURE_COUNT, F_GRADE, F_ADMIN_ID, F_ADMIN_NAME, F_THUMBNAIL_ID, F_REG_TIME) VALUES ('1', '어학 및 자격증', '강의 등록 테스트', '테스트', 12, 12, '5', 'jyryujiyoung', '류지영', '382552e5fd311374eadb3ed865b1e7ba', '2021-02-22 10:08:44');

INSERT INTO MEMBER (F_NAME, F_ID, F_PASSWORD, F_EMAIL, F_MOBILE, F_TEL, F_ZIPCODE, F_ADDRESS, F_ADDRESS_DETAIL, F_MOBILE_AGREE, F_EMAIL_AGREE, F_BIRTHDAY, F_AUTHORITY) VALUES ('류지영', 'jyryujiyoung', 'ickxvlUf3OS5dndtY1SOl5H5j0Xp/VMRqVYu9AIsI2s=', 'jy.ryu.jiyoung@gmail.com', '01093789025', '0312613227', '16873', '경기 용인시 수지구 대지로 64 (도담마을 롯데캐슬)', '304동 1001호', 'Y', 'Y', '19891107', '0');
INSERT INTO MEMBER (F_NAME, F_ID, F_PASSWORD, F_EMAIL, F_MOBILE, F_TEL, F_ZIPCODE, F_ADDRESS, F_ADDRESS_DETAIL, F_MOBILE_AGREE, F_EMAIL_AGREE, F_BIRTHDAY, F_AUTHORITY) VALUES ('해커스', 'hackers', 'ickxvlUf3OS5dndtY1SOl5H5j0Xp/VMRqVYu9AIsI2s=', 'hackers@hackers.com', '01093789025', '025697467', '16873', '경기 용인시 수지구 대지로 64 (도담마을 롯데캐슬)', '304동 1001호', 'Y', 'Y', '20001130', '0');

INSERT INTO THUMBNAIL (F_THUMBNAIL_ID, F_THUMBNAIL_NAME_ORI, F_THUMBNAIL_NAME_CRYPTO, F_REG_TIME) VALUES ('000491c52a39467568eb4a5b616dd016', '168431621_pjEmKSbn_eng.jfif', 'b6da11f22e73414060913d036b7c8c71.jfif', '2021-02-20 09:02:07');
INSERT INTO THUMBNAIL (F_THUMBNAIL_ID, F_THUMBNAIL_NAME_ORI, F_THUMBNAIL_NAME_CRYPTO, F_REG_TIME) VALUES ('0823e5d5b355c3ad72285ccb1d8cc2dc', '168431688_cGQX4Ap3_5BEABF88EABEB8EB8A94_ECB185EBB0A95D_EAB7B8EBA6BCECB185EC9DB4_EB93A4EBA0A4ECA3BCEB8A94_ECA781EC9EA5EC9DB8_ED9E90EBA781_EB9DBCEC9DB4ED9484_EC98A4ED8380EC8898ECA095.jpg', '10ca083c5d9aaae4b49225312ab9e751.jpg', '2021-02-20 18:18:05');
INSERT INTO THUMBNAIL (F_THUMBNAIL_ID, F_THUMBNAIL_NAME_ORI, F_THUMBNAIL_NAME_CRYPTO, F_REG_TIME) VALUES ('0a6c306a09b888417e986d6ed44dc09e', '168429146_6UQ8zLsA_EBAFB8EC839DEC9881EC96B4EC8BA4EBACB4EC9DBCEBB098.png', '7c6cfd671b3d2e595eafdce7900f1772.png', '2021-02-20 18:11:13');
INSERT INTO THUMBNAIL (F_THUMBNAIL_ID, F_THUMBNAIL_NAME_ORI, F_THUMBNAIL_NAME_CRYPTO, F_REG_TIME) VALUES ('12d7b77ef5a7658923f523fd12ed7d06', '168431688_NzXb4wIM_EB8F85EC849CEC9DB8EBACB8ED9599_EC8DB8EB84A4EC9DBC_EC8B9CEC95882.jpg', '961fdce6e7b87963e5838a60e519d358.jpg', '2021-02-20 09:12:43');
INSERT INTO THUMBNAIL (F_THUMBNAIL_ID, F_THUMBNAIL_NAME_ORI, F_THUMBNAIL_NAME_CRYPTO, F_REG_TIME) VALUES ('15544278c3e1aac8e5aa19ff5b845aeb', '168431694_Wk0XprBD_EBB88CEB9E9CEB939C_EAB080ECB998EBA5BC_EB8692EC9DB4EB8A94_ED98B8ED8594_ECA781EBACB4_EAB590EC9CA1.jpg', 'c5cba3a7467cd22fd14c2ec11376eadf.jpg', '2021-02-20 18:20:57');
INSERT INTO THUMBNAIL (F_THUMBNAIL_ID, F_THUMBNAIL_NAME_ORI, F_THUMBNAIL_NAME_CRYPTO, F_REG_TIME) VALUES ('1b0bae0a797529e7024a4551e0a48112', '168431688_MGJWK2Ui_EC8BA0EC9E85EC82ACEC9B90EC8381EC8B9DEC82ACECA084.jpg', 'a98f02d14054f311e3c6f2d82b145716.jpg', '2021-02-20 09:07:24');
INSERT INTO THUMBNAIL (F_THUMBNAIL_ID, F_THUMBNAIL_NAME_ORI, F_THUMBNAIL_NAME_CRYPTO, F_REG_TIME) VALUES ('1b5cced527851748d9f9a201550e871a', '168429148_fPZdAWQF_EB8884EAB5ACEB8298_EC89BDEAB28C_EBB0B0EC9AB0EB8A94_EC9995ECB488EBB3B4_EC9881EC96B4_STEP1.jpg', 'ad0fa4e9ffd453ed8e749f5afa2e4b56.jpg', '2021-02-20 18:09:42');
INSERT INTO THUMBNAIL (F_THUMBNAIL_ID, F_THUMBNAIL_NAME_ORI, F_THUMBNAIL_NAME_CRYPTO, F_REG_TIME) VALUES ('1c3c7de841fd4763d715106af87fd303', '168431692_sdFMz8xv_ECB2A0ED9599EC8DB8EB84A4EC9DBC_2.jpg', '24d4b60b10b883b5b81a98db53945cc1.jpg', '2021-02-20 09:11:23');
INSERT INTO THUMBNAIL (F_THUMBNAIL_ID, F_THUMBNAIL_NAME_ORI, F_THUMBNAIL_NAME_CRYPTO, F_REG_TIME) VALUES ('1fd56e9f1d26cd4903a51e2d790392d0', '168429152_2EUZ7iGp_EC8DB8EB84A4EC9DBC_EC9995ECB488EBB3B4EBA5BC-EC9C84ED959C-EC9EACED858CED81AC-EAB095EC9D98_300-212.jpg', '84ff615a1af3956482d4d571120581e3.jpg', '2021-02-20 09:14:03');
INSERT INTO THUMBNAIL (F_THUMBNAIL_ID, F_THUMBNAIL_NAME_ORI, F_THUMBNAIL_NAME_CRYPTO, F_REG_TIME) VALUES ('2af6f7f96f1cce0de019acd35d69b7a7', '168431688_7fxzmoC6_ECA781EC9EA5EC9DB8_ED9E90EBA781_ED81B4EB9E98EC8AA4_EB8298EC9790EAB28C_EC84A0EBACBCED9598EB8A94_ED81B4EB9E98EC8B9D_ED858CEB9DBCED94BC.jpg', 'b3137efdc4056d8a4b7660ea8cae6284.jpg', '2021-02-20 18:19:02');
INSERT INTO THUMBNAIL (F_THUMBNAIL_ID, F_THUMBNAIL_NAME_ORI, F_THUMBNAIL_NAME_CRYPTO, F_REG_TIME) VALUES ('33194d5ec732916f3c7dedb05bb3fe9b', '168429148_kFXZirtE_ED95B4ECBBA4EC8AA4_Talk21_2ECA3BC_EBA78CEC9790_EB819DEB82B4EB8A94_EC9DBCEBB3B8EC96B4_ED9584EC8898_EBACB8EBB295.png', '36786750306479099cea76ccf1a34e68.png', '2021-02-20 09:03:14');
INSERT INTO THUMBNAIL (F_THUMBNAIL_ID, F_THUMBNAIL_NAME_ORI, F_THUMBNAIL_NAME_CRYPTO, F_REG_TIME) VALUES ('332ed2d25e065dbd12cf84349e8fe877', '168431693_KWY5HzbL_EBAFB8EC88A0EAB3BCECA095EC84ACEB84A4EC9DBC.png', '22e7ed66376a507f9f71b09c68ea34e0.png', '2021-02-20 18:15:58');
INSERT INTO THUMBNAIL (F_THUMBNAIL_ID, F_THUMBNAIL_NAME_ORI, F_THUMBNAIL_NAME_CRYPTO, F_REG_TIME) VALUES ('378d2669d57e4fa3319d42dba89f81bc', '168431621_Jezwfprt_EAB28CEC9DB4ED8AB8EC9BA8EC9DB4EC9DB8ED84B0EC9DBCEBB098.png', '64258a91e4ce0f923b831072b575a297.png', '2021-02-20 16:01:14');
INSERT INTO THUMBNAIL (F_THUMBNAIL_ID, F_THUMBNAIL_NAME_ORI, F_THUMBNAIL_NAME_CRYPTO, F_REG_TIME) VALUES ('382552e5fd311374eadb3ed865b1e7ba', 'hac.jpg', '03e99bdb92c3c1782edfb69930bb7e38.jpg', '2021-02-22 10:08:44');
INSERT INTO THUMBNAIL (F_THUMBNAIL_ID, F_THUMBNAIL_NAME_ORI, F_THUMBNAIL_NAME_CRYPTO, F_REG_TIME) VALUES ('420a7900d5c239df54548d9e0b0739f1', '168431694_dS9mt86Y_EC9EA5EAB8B0EBB3B4EC838121_EBB3B4ED9798EC9881EC9785EC9D98_EC97B4EC87A0_EC8898ECA095.jpg', 'ab76dfdde4720bf5b9417676453fe820.jpg', '2021-02-20 16:35:04');
INSERT INTO THUMBNAIL (F_THUMBNAIL_ID, F_THUMBNAIL_NAME_ORI, F_THUMBNAIL_NAME_CRYPTO, F_REG_TIME) VALUES ('547f36a92e28691b5eebce975f72be0c', '168431688_BSNDH5Tr_EC958CEC8FADEB8BACEC8FADEAB7BCEBA19CEAB8B0ECA480EBB295EC9984ECA084ECA095EBB3B5_EC82ACECA784EC8898ECA095.jpg', '6ab42da6d34c3c6eca867e1c77461900.jpg', '2021-02-20 09:16:21');
INSERT INTO THUMBNAIL (F_THUMBNAIL_ID, F_THUMBNAIL_NAME_ORI, F_THUMBNAIL_NAME_CRYPTO, F_REG_TIME) VALUES ('6d01b09377ada92f9bcd5779f807f98a', '168431672_AHPSzRBX_Y16M120010.jpg', 'd749c114df5ed9ae76c0d03abb780b00.jpg', '2021-02-20 09:15:28');
INSERT INTO THUMBNAIL (F_THUMBNAIL_ID, F_THUMBNAIL_NAME_ORI, F_THUMBNAIL_NAME_CRYPTO, F_REG_TIME) VALUES ('789df80ba121d0ee075901159f0f7d19', '168431621_Z1oLYCeT_APEB89B4EC8AA4EC9DBCEBB098.png', '06be40607d842ccf7933f4908d6e6cd6.png', '2021-02-20 09:00:38');
INSERT INTO THUMBNAIL (F_THUMBNAIL_ID, F_THUMBNAIL_NAME_ORI, F_THUMBNAIL_NAME_CRYPTO, F_REG_TIME) VALUES ('7ceab62bf8fcd23ae7bc96f7ebd5272a', '168431688_6p5l9OvI_5BEABF88EABEB8EB8A94_ECB185EBB0A95D_EAB7B8EBA6BCECB185EC9DB4_EB93A4EBA0A4ECA3BCEB8A94_ED9E90EBA781.jpg', 'c3a3af1a9b74bc84f8b34c20a44b91f1.jpg', '2021-02-20 18:17:13');
INSERT INTO THUMBNAIL (F_THUMBNAIL_ID, F_THUMBNAIL_NAME_ORI, F_THUMBNAIL_NAME_CRYPTO, F_REG_TIME) VALUES ('7ed752df04d145a817ea43b13869abbb', '168431693_PMVxvc50_EAB09CEC9DB8ECA095EBB3B4EBB3B4ED98B8_EC8DB8EB84A4EC9DBC.png', 'ccb381adc1fdbc09a050918a50c28c8c.png', '2021-02-20 09:12:01');
INSERT INTO THUMBNAIL (F_THUMBNAIL_ID, F_THUMBNAIL_NAME_ORI, F_THUMBNAIL_NAME_CRYPTO, F_REG_TIME) VALUES ('8672020f29965064166d51813ae932ac', '168429148_aRdc0TQO_EAB1B4EC84A4EBB684EC9F81.jpg', '4c23322042ebbc6d26622b03564e22f5.jpg', '2021-02-20 09:18:38');
INSERT INTO THUMBNAIL (F_THUMBNAIL_ID, F_THUMBNAIL_NAME_ORI, F_THUMBNAIL_NAME_CRYPTO, F_REG_TIME) VALUES ('8a65bc363871055f011942b0d86301e3', '168431692_4qGwzf3W_ED9484EBA6ACEBAFB8EC96B4_EC84ACEB84A4EC9DBC_28229.png', '633e4c9bb80511f86dfb5bf9c5a00700.png', '2021-02-20 09:17:29');
INSERT INTO THUMBNAIL (F_THUMBNAIL_ID, F_THUMBNAIL_NAME_ORI, F_THUMBNAIL_NAME_CRYPTO, F_REG_TIME) VALUES ('8c63cb40fc224efc30bb9822ab080c76', '168429148_ftNWYLGB_5BOAEAB5ADEAB080EAB3B5EC9DB8EC9E90EAB2A95D_ITQ_Master21_OAEAB8B0ECB488EBB680ED84B0_EC8BA4EBACB4ED999CEC9AA9EAB98CECA780.png', '9d0e49d3cc18e80dfd77c5ddae4246f2.png', '2021-02-21 14:54:43');
INSERT INTO THUMBNAIL (F_THUMBNAIL_ID, F_THUMBNAIL_NAME_ORI, F_THUMBNAIL_NAME_CRYPTO, F_REG_TIME) VALUES ('930248655699611e3a1d0b9ba2d025c8', '2887647280_njgAXlkp_ECA781EC9EA5EAB480EAB384_EC8DB8EB84A4EC9DBC.jpg', '744086c9fb02c664168120c339830e0a.jpg', '2021-02-20 09:06:56');
INSERT INTO THUMBNAIL (F_THUMBNAIL_ID, F_THUMBNAIL_NAME_ORI, F_THUMBNAIL_NAME_CRYPTO, F_REG_TIME) VALUES ('9511da249650b87a3162b6d0a1edc0e4', '168431646_rVWBMnfY_Y16M050009.jpg', 'fd7d71bd52ccfd55c018fb5ec4134feb.jpg', '2021-02-20 09:05:28');
INSERT INTO THUMBNAIL (F_THUMBNAIL_ID, F_THUMBNAIL_NAME_ORI, F_THUMBNAIL_NAME_CRYPTO, F_REG_TIME) VALUES ('a7f0028551cf3ce62729204ddbdca59b', '168431638_JQr8wuiB_Y16M080057.jpg', '30981e307380121e379308e296ed3d2a.jpg', '2021-02-20 18:10:25');
INSERT INTO THUMBNAIL (F_THUMBNAIL_ID, F_THUMBNAIL_NAME_ORI, F_THUMBNAIL_NAME_CRYPTO, F_REG_TIME) VALUES ('afce0353194d66dc2c74296fd229bbeb', '168429148_VcN24ouv_ED95B4ECBBA4EC8AA4Talk21_EAB8B0EBB3B8EC96B4ED9C98_ECA491EAB5ADEC96B4.png', 'e6f1eea54dd11265966775e9de3de5fa.png', '2021-02-20 09:04:34');
INSERT INTO THUMBNAIL (F_THUMBNAIL_ID, F_THUMBNAIL_NAME_ORI, F_THUMBNAIL_NAME_CRYPTO, F_REG_TIME) VALUES ('b835d7bc5bbc7d76d7af213db1886ebf', '168431690_yQtPXRNS_ECB0BDEC9785EC84B1EAB3B52BEC8DB8EB84A4EC9DBC.png', '8c1746a40679fca77db3e868b969db22.png', '2021-02-20 18:22:17');
INSERT INTO THUMBNAIL (F_THUMBNAIL_ID, F_THUMBNAIL_NAME_ORI, F_THUMBNAIL_NAME_CRYPTO, F_REG_TIME) VALUES ('c0c718bc309d04f4f2411a88ad79d2ba', '168429148_GlKHSp2h_EBAFB8EC839DEC9CBCEBA19C_EBB0B0EC9AB0EB8A94_EBB984ECA688EB8B88EC8AA4_EC9881EC96B4_-_EC9DBCEC8381ED9A8CED9994.png', '7b11c240c1022d8a8506bdea17c698fa.png', '2021-02-20 18:11:45');
INSERT INTO THUMBNAIL (F_THUMBNAIL_ID, F_THUMBNAIL_NAME_ORI, F_THUMBNAIL_NAME_CRYPTO, F_REG_TIME) VALUES ('c434aa9d7f82be0e2d590c2c4a9457b2', 'cropped_1.jpg', '6aac654cf175c5e8b508bafee7ee891e.jpg', '2021-02-21 15:05:40');
INSERT INTO THUMBNAIL (F_THUMBNAIL_ID, F_THUMBNAIL_NAME_ORI, F_THUMBNAIL_NAME_CRYPTO, F_REG_TIME) VALUES ('c751c8c471bb7ea184a2761b5a315294', '168431688_D0mNY2OZ_5BEABF88EABEB8EB8A94_ECB185EBB0A95D_EAB7B8EBA6BCECB185EC9DB4_EB93A4EBA0A4ECA3BCEB8A94_ED9E90EBA781_EB9DBCEC9DB4ED9484.jpg', '39656c6a7b62778d562ddba1728ece44.jpg', '2021-02-20 18:18:28');
INSERT INTO THUMBNAIL (F_THUMBNAIL_ID, F_THUMBNAIL_NAME_ORI, F_THUMBNAIL_NAME_CRYPTO, F_REG_TIME) VALUES ('c8b57ad472f64aa8c853eb1e0d3537a1', '168431688_Dya9XWVh_EB9494EC9E90EC9DB8CEOEAB080_EC958CEBA0A4ECA3BCEB8A94_ED8FACED86A0EC83B5CC.jpg', '68afe88099c2d62b7b1ba5b5a2177723.jpg', '2021-02-20 09:17:00');
INSERT INTO THUMBNAIL (F_THUMBNAIL_ID, F_THUMBNAIL_NAME_ORI, F_THUMBNAIL_NAME_CRYPTO, F_REG_TIME) VALUES ('cb21a29d804b5627a4f366fe3a9e0852', '168431688_thYc8ubV_EC9AB0EBA6AC_EBB391EC9B90_ECB0A8EBB384ED9994_ECA084EB9EB521_EBB391EC9B90CSEC9D98_EBAAA8EB93A0_EAB283.jpg', 'ca0a1da2fc440bbb548352dc05b80a35.jpg', '2021-02-20 18:20:02');
INSERT INTO THUMBNAIL (F_THUMBNAIL_ID, F_THUMBNAIL_NAME_ORI, F_THUMBNAIL_NAME_CRYPTO, F_REG_TIME) VALUES ('cdb7f58d549b482f9fefe8d34d8303f7', '168431652_5gij1KO4_Y16M110020.jpg', '0935a04cda26b44c66f02fa81ea2f476.jpg', '2021-02-20 18:21:49');
INSERT INTO THUMBNAIL (F_THUMBNAIL_ID, F_THUMBNAIL_NAME_ORI, F_THUMBNAIL_NAME_CRYPTO, F_REG_TIME) VALUES ('d3c62413b18ae90a7dd03cb33e9d226f', 'cropped_1.jpg', 'dd36407c46b3806649714c0d9c69af1e.jpg', '2021-02-21 14:52:46');
INSERT INTO THUMBNAIL (F_THUMBNAIL_ID, F_THUMBNAIL_NAME_ORI, F_THUMBNAIL_NAME_CRYPTO, F_REG_TIME) VALUES ('d8dcbf01f2c37edb4492b2dd1fbfaaef', '168429146_YNeuRgOA_EBAFB8EC839DEC9881EC96B4ED9A8CEC9D98EC9DBCEBB098.png', 'fefc0eadd80cf6302a9ba0949ec1e873.png', '2021-02-20 18:12:12');
INSERT INTO THUMBNAIL (F_THUMBNAIL_ID, F_THUMBNAIL_NAME_ORI, F_THUMBNAIL_NAME_CRYPTO, F_REG_TIME) VALUES ('d903ef5414d740af39a9c77479999db6', '168431688_sIPTlF6j_EC9B94EAB889EC9F81EC9DB4_EC9EACED858CED81AC_EC8381EC8B9DEC82ACECA08428EBB680ECA09CX_EC84B8ECA484EBB284ECA08429.jpg', 'd460dd3f0042a081ade7a9f69f336ef7.jpg', '2021-02-20 18:16:51');
INSERT INTO THUMBNAIL (F_THUMBNAIL_ID, F_THUMBNAIL_NAME_ORI, F_THUMBNAIL_NAME_CRYPTO, F_REG_TIME) VALUES ('dc89da73622a60e1e3c3282753a49376', '168431688_aAeUlrGc_EAB095EC84B1EAB3A0EAB09DEC9D84_EC9584EC9DB4ECB298EB9FBC_EB8BA4EC8AA4EBA6ACEB8A94_CS_EB8BACEC9DB8EB9098EAB8B0.jpg', 'a6214eb0978ebd9c7098209ce56cd7be.jpg', '2021-02-20 18:20:31');
INSERT INTO THUMBNAIL (F_THUMBNAIL_ID, F_THUMBNAIL_NAME_ORI, F_THUMBNAIL_NAME_CRYPTO, F_REG_TIME) VALUES ('dd2cc42643d30411f9663dfcfa3e371e', '168431688_kgIfsYoc_EC84B1EAB3BCECB0BDECB69CEBA19C_EC9DB4EC96B4ECA780EB8A94_EB8C80ED9994EC9D98_EAB8B0EC88A0_5BECA1B0ECA781ECBBA4EBAEA4EB8B88ECBC80EC9DB4EC85985D.jpg', '18874cd63e6e7e55f66b17076073b534.jpg', '2021-02-20 09:06:25');
INSERT INTO THUMBNAIL (F_THUMBNAIL_ID, F_THUMBNAIL_NAME_ORI, F_THUMBNAIL_NAME_CRYPTO, F_REG_TIME) VALUES ('e7ac7f24081a3051877ae48f7e31a349', '168431688_lOUipv17_5BEABF88EABEB8EB8A94_ECB185EBB0A95D_EAB7B8EBA6BCECB185EC9DB4_EB93A4EBA0A4ECA3BCEB8A94_EC9CA1EC9584_ED9E90EBA781_EB9DBCEC9DB4ED9484.jpg', 'f678323a70b990978905b94c1cb4a8b1.jpg', '2021-02-20 18:17:38');
INSERT INTO THUMBNAIL (F_THUMBNAIL_ID, F_THUMBNAIL_NAME_ORI, F_THUMBNAIL_NAME_CRYPTO, F_REG_TIME) VALUES ('e932c3afad56ca9bdfb4d29ae373cf0e', '168431728_gaAKCbNV_EB9E9CEC84ACEC9BA8EC96B42BEC9888EBB0A92BEBB08F2BEC82ACEC9DB4EBB2842BEBB3B4EC9588EC9D982BECB2AB2BEAB1B8EC9D8C.png', '1d30600bedb3b4f8c9def34ed33b8756.png', '2021-02-20 09:19:28');
INSERT INTO THUMBNAIL (F_THUMBNAIL_ID, F_THUMBNAIL_NAME_ORI, F_THUMBNAIL_NAME_CRYPTO, F_REG_TIME) VALUES ('efa02f5e1ec9094018d9533da908cbc3', '168431651_45KISxjh_EC8381EC84B8ED8E98EC9DB4ECA780_EC8DB8EB84A4EC9DBC_EBAFB8EC839D_EC82ACEAB590EC9DB8EBA7A5.png', '7056697de044d9815ce9cf7eba4e2014.png', '2021-02-20 18:12:54');
INSERT INTO THUMBNAIL (F_THUMBNAIL_ID, F_THUMBNAIL_NAME_ORI, F_THUMBNAIL_NAME_CRYPTO, F_REG_TIME) VALUES ('fa18eef32575ccf9fee151eb9de14848', '168431688_372Ezs1r_4ECB0A8EC82B0EC9785ED9881EBAA85EAB3BCEC9DB8EC82ACEB85B8EBACB4EAB480EBA6ACEC9DB4EC8A88.jpg', 'afa467fec28f44a38c057e83b2ae0d06.jpg', '2021-02-20 09:14:53');
INSERT INTO THUMBNAIL (F_THUMBNAIL_ID, F_THUMBNAIL_NAME_ORI, F_THUMBNAIL_NAME_CRYPTO, F_REG_TIME) VALUES ('fba153ac2c2da9cc77613e770cca01b5', '168431672_NbF3TDU8_ED95B4EC99B8_EAB1B4EC84A4EAB384EC95BD_EBB08F_ED81B4EBA088EC9E84ED95B4EAB2B0EC8BA4EBACB4.png', 'f9c213483c12e120bcf0f6afeec59b94.png', '2021-02-20 09:18:09');
INSERT INTO THUMBNAIL (F_THUMBNAIL_ID, F_THUMBNAIL_NAME_ORI, F_THUMBNAIL_NAME_CRYPTO, F_REG_TIME) VALUES ('fcd98d1901560fcf31f22d9824949551', '168429148_oc0V198K_ED95B4ECBBA4EC8AA4_Talk21_EC9995ECB488EBB3B4_ECA491EAB5ADEC96B4.png', 'a37b255df065fad537fc185f2f499301.png', '2021-02-20 09:04:09');

